"site","species_code","Year"
"BCI","TEPA",1935
"BCI","TEPA",1936
"BCI","TEPA",1937
"BCI","TEPA",1938
"BCI","TEPA",1939
"BCI","TEPA",1940
"BCI","TEPA",1941
"BCI","TEPA",1942
"BCI","TEPA",1943
"BCI","TEPA",1944
"BCI","TEPA",1945
"BCI","TEPA",1946
"BCI","TEPA",1947
"BCI","TEPA",1948
"BCI","TEPA",1949
"BCI","TEPA",1950
"BCI","TEPA",1951
"BCI","TEPA",1952
"BCI","TEPA",1953
"BCI","TEPA",1954
"BCI","TEPA",1955
"BCI","TEPA",1956
"BCI","TEPA",1957
"BCI","TEPA",1958
"BCI","TEPA",1959
"BCI","TEPA",1960
"BCI","TEPA",1961
"BCI","TEPA",1962
"BCI","TEPA",1963
"BCI","TEPA",1964
"BCI","TEPA",1965
"BCI","TEPA",1966
"BCI","TEPA",1967
"BCI","TEPA",1968
"BCI","TEPA",1969
"BCI","TEPA",1970
"BCI","TEPA",1971
"BCI","TEPA",1972
"BCI","TEPA",1973
"BCI","TEPA",1974
"BCI","TEPA",1975
"BCI","TEPA",1976
"BCI","TEPA",1977
"BCI","TEPA",1978
"BCI","TEPA",1979
"BCI","TEPA",1980
"BCI","TEPA",1981
"BCI","TEPA",1982
"BCI","TEPA",1983
"BCI","TEPA",1984
"BCI","TEPA",1985
"BCI","TEPA",1986
"BCI","TEPA",1987
"BCI","TEPA",1988
"BCI","TEPA",1989
"BCI","TEPA",1990
"BCI","TEPA",1991
"BCI","TEPA",1992
"BCI","TEPA",1993
"BCI","TEPA",1994
"BCI","TEPA",1995
"BCI","TEPA",1996
"BCI","TEPA",1997
"BCI","TEPA",1998
"BCI","TEPA",1999
"BCI","TEPA",2000
"BCI","TEPA",2001
"BCI","TEPA",2002
"BCI","TEPA",2003
"BCI","TEPA",2004
"BCI","TEPA",2005
"BCI","TEPA",2006
"BCI","TEPA",2007
"BCI","TEPA",2008
"BCI","TEPA",2009
"BCI","TEPA",2010
"BCI","TEPA",2011
"BCI","TEPA",2012
"BCI","TEPA",2013
"BCI","TEPA",2014
"BCI","TRTU",1944
"BCI","TRTU",1945
"BCI","TRTU",1946
"BCI","TRTU",1947
"BCI","TRTU",1948
"BCI","TRTU",1949
"BCI","TRTU",1950
"BCI","TRTU",1951
"BCI","TRTU",1952
"BCI","TRTU",1953
"BCI","TRTU",1954
"BCI","TRTU",1955
"BCI","TRTU",1956
"BCI","TRTU",1957
"BCI","TRTU",1958
"BCI","TRTU",1959
"BCI","TRTU",1960
"BCI","TRTU",1961
"BCI","TRTU",1962
"BCI","TRTU",1963
"BCI","TRTU",1964
"BCI","TRTU",1965
"BCI","TRTU",1966
"BCI","TRTU",1967
"BCI","TRTU",1968
"BCI","TRTU",1969
"BCI","TRTU",1970
"BCI","TRTU",1971
"BCI","TRTU",1972
"BCI","TRTU",1973
"BCI","TRTU",1974
"BCI","TRTU",1975
"BCI","TRTU",1976
"BCI","TRTU",1977
"BCI","TRTU",1978
"BCI","TRTU",1979
"BCI","TRTU",1980
"BCI","TRTU",1981
"BCI","TRTU",1982
"BCI","TRTU",1983
"BCI","TRTU",1984
"BCI","TRTU",1985
"BCI","TRTU",1986
"BCI","TRTU",1987
"BCI","TRTU",1988
"BCI","TRTU",1989
"BCI","TRTU",1990
"BCI","TRTU",1991
"BCI","TRTU",1992
"BCI","TRTU",1993
"BCI","TRTU",1994
"BCI","TRTU",1995
"BCI","TRTU",1996
"BCI","TRTU",1997
"BCI","TRTU",1998
"BCI","TRTU",1999
"BCI","TRTU",2000
"BCI","TRTU",2001
"BCI","TRTU",2002
"BCI","TRTU",2003
"BCI","TRTU",2004
"BCI","TRTU",2005
"BCI","TRTU",2006
"BCI","TRTU",2007
"BCI","TRTU",2008
"BCI","TRTU",2009
"BCI","TRTU",2010
"BCI","TRTU",2011
"BCI","TRTU",2012
"BCI","TRTU",2013
"BCI","TRTU",2014
"BCI","TRTU",1937
"BCI","TRTU",1938
"BCI","TRTU",1939
"BCI","TRTU",1940
"BCI","TRTU",1941
"BCI","TRTU",1942
"BCI","TRTU",1943
"CedarBreaks","ABBI",1906
"CedarBreaks","ABBI",1907
"CedarBreaks","ABBI",1908
"CedarBreaks","ABBI",1909
"CedarBreaks","ABBI",1910
"CedarBreaks","ABBI",1911
"CedarBreaks","ABBI",1912
"CedarBreaks","ABBI",1913
"CedarBreaks","ABBI",1914
"CedarBreaks","ABBI",1915
"CedarBreaks","ABBI",1916
"CedarBreaks","ABBI",1917
"CedarBreaks","ABBI",1918
"CedarBreaks","ABBI",1919
"CedarBreaks","ABBI",1920
"CedarBreaks","ABBI",1921
"CedarBreaks","ABBI",1922
"CedarBreaks","ABBI",1923
"CedarBreaks","ABBI",1924
"CedarBreaks","ABBI",1925
"CedarBreaks","ABBI",1926
"CedarBreaks","ABBI",1927
"CedarBreaks","ABBI",1928
"CedarBreaks","ABBI",1929
"CedarBreaks","ABBI",1930
"CedarBreaks","ABBI",1931
"CedarBreaks","ABBI",1932
"CedarBreaks","ABBI",1933
"CedarBreaks","ABBI",1934
"CedarBreaks","ABBI",1935
"CedarBreaks","ABBI",1936
"CedarBreaks","ABBI",1937
"CedarBreaks","ABBI",1938
"CedarBreaks","ABBI",1939
"CedarBreaks","ABBI",1940
"CedarBreaks","ABBI",1941
"CedarBreaks","ABBI",1942
"CedarBreaks","ABBI",1943
"CedarBreaks","ABBI",1944
"CedarBreaks","ABBI",1945
"CedarBreaks","ABBI",1946
"CedarBreaks","ABBI",1947
"CedarBreaks","ABBI",1948
"CedarBreaks","ABBI",1949
"CedarBreaks","ABBI",1950
"CedarBreaks","ABBI",1951
"CedarBreaks","ABBI",1952
"CedarBreaks","ABBI",1953
"CedarBreaks","ABBI",1954
"CedarBreaks","ABBI",1955
"CedarBreaks","ABBI",1956
"CedarBreaks","ABBI",1957
"CedarBreaks","ABBI",1958
"CedarBreaks","ABBI",1959
"CedarBreaks","ABBI",1960
"CedarBreaks","ABBI",1961
"CedarBreaks","ABBI",1962
"CedarBreaks","ABBI",1963
"CedarBreaks","ABBI",1964
"CedarBreaks","ABBI",1965
"CedarBreaks","ABBI",1966
"CedarBreaks","ABBI",1967
"CedarBreaks","ABBI",1968
"CedarBreaks","ABBI",1969
"CedarBreaks","ABBI",1970
"CedarBreaks","ABBI",1971
"CedarBreaks","ABBI",1972
"CedarBreaks","ABBI",1973
"CedarBreaks","ABBI",1974
"CedarBreaks","ABBI",1975
"CedarBreaks","ABBI",1976
"CedarBreaks","ABBI",1977
"CedarBreaks","ABBI",1978
"CedarBreaks","ABBI",1979
"CedarBreaks","ABBI",1980
"CedarBreaks","ABBI",1981
"CedarBreaks","ABBI",1982
"CedarBreaks","ABBI",1983
"CedarBreaks","ABBI",1984
"CedarBreaks","ABBI",1985
"CedarBreaks","ABBI",1986
"CedarBreaks","ABBI",1987
"CedarBreaks","ABBI",1988
"CedarBreaks","ABBI",1989
"CedarBreaks","ABBI",1990
"CedarBreaks","ABBI",1991
"CedarBreaks","ABBI",1992
"CedarBreaks","ABBI",1993
"CedarBreaks","ABBI",1994
"CedarBreaks","ABBI",1995
"CedarBreaks","ABBI",1996
"CedarBreaks","ABBI",1997
"CedarBreaks","ABBI",1998
"CedarBreaks","ABBI",1999
"CedarBreaks","ABBI",2000
"CedarBreaks","ABBI",2001
"CedarBreaks","ABBI",2002
"CedarBreaks","ABBI",2003
"CedarBreaks","ABBI",2004
"CedarBreaks","ABBI",2005
"CedarBreaks","ABBI",2006
"CedarBreaks","ABBI",2007
"CedarBreaks","ABBI",2008
"CedarBreaks","ABBI",2009
"CedarBreaks","ABBI",2010
"CedarBreaks","ABBI",2011
"CedarBreaks","ABBI",2012
"CedarBreaks","ABBI",2013
"CedarBreaks","ABBI",2014
"CedarBreaks","ABBI",2015
"CedarBreaks","ABBI",2016
"CedarBreaks","ABBI",2017
"CedarBreaks","ABBI",2018
"CedarBreaks","ABBI",2019
"CedarBreaks","PIEN",1933
"CedarBreaks","PIEN",1934
"CedarBreaks","PIEN",1935
"CedarBreaks","PIEN",1936
"CedarBreaks","PIEN",1937
"CedarBreaks","PIEN",1938
"CedarBreaks","PIEN",1939
"CedarBreaks","PIEN",1940
"CedarBreaks","PIEN",1941
"CedarBreaks","PIEN",1942
"CedarBreaks","PIEN",1943
"CedarBreaks","PIEN",1944
"CedarBreaks","PIEN",1945
"CedarBreaks","PIEN",1946
"CedarBreaks","PIEN",1947
"CedarBreaks","PIEN",1948
"CedarBreaks","PIEN",1949
"CedarBreaks","PIEN",1950
"CedarBreaks","PIEN",1951
"CedarBreaks","PIEN",1952
"CedarBreaks","PIEN",1953
"CedarBreaks","PIEN",1954
"CedarBreaks","PIEN",1955
"CedarBreaks","PIEN",1956
"CedarBreaks","PIEN",1957
"CedarBreaks","PIEN",1958
"CedarBreaks","PIEN",1959
"CedarBreaks","PIEN",1960
"CedarBreaks","PIEN",1961
"CedarBreaks","PIEN",1962
"CedarBreaks","PIEN",1963
"CedarBreaks","PIEN",1964
"CedarBreaks","PIEN",1965
"CedarBreaks","PIEN",1966
"CedarBreaks","PIEN",1967
"CedarBreaks","PIEN",1968
"CedarBreaks","PIEN",1969
"CedarBreaks","PIEN",1970
"CedarBreaks","PIEN",1971
"CedarBreaks","PIEN",1972
"CedarBreaks","PIEN",1973
"CedarBreaks","PIEN",1974
"CedarBreaks","PIEN",1975
"CedarBreaks","PIEN",1976
"CedarBreaks","PIEN",1977
"CedarBreaks","PIEN",1978
"CedarBreaks","PIEN",1979
"CedarBreaks","PIEN",1980
"CedarBreaks","PIEN",1981
"CedarBreaks","PIEN",1982
"CedarBreaks","PIEN",1983
"CedarBreaks","PIEN",1984
"CedarBreaks","PIEN",1985
"CedarBreaks","PIEN",1986
"CedarBreaks","PIEN",1987
"CedarBreaks","PIEN",1988
"CedarBreaks","PIEN",1989
"CedarBreaks","PIEN",1990
"CedarBreaks","PIEN",1991
"CedarBreaks","PIEN",1992
"CedarBreaks","PIEN",1993
"CedarBreaks","PIEN",1994
"CedarBreaks","PIEN",1995
"CedarBreaks","PIEN",1996
"CedarBreaks","PIEN",1997
"CedarBreaks","PIEN",1998
"CedarBreaks","PIEN",1999
"CedarBreaks","PIEN",2000
"CedarBreaks","PIEN",2001
"CedarBreaks","PIEN",2002
"CedarBreaks","PIEN",2003
"CedarBreaks","PIEN",2004
"CedarBreaks","PIEN",2005
"CedarBreaks","PIEN",2006
"CedarBreaks","PIEN",2007
"CedarBreaks","PIEN",2008
"CedarBreaks","PIEN",2009
"CedarBreaks","PIEN",2010
"CedarBreaks","PIEN",2011
"CedarBreaks","PIEN",2012
"CedarBreaks","PIEN",2013
"CedarBreaks","PIEN",2014
"CedarBreaks","PIEN",2015
"CedarBreaks","PIEN",2016
"CedarBreaks","PIEN",2017
"CedarBreaks","PIEN",2018
"CedarBreaks","PIEN",2019
"CedarBreaks","PIFL",1903
"CedarBreaks","PIFL",1904
"CedarBreaks","PIFL",1905
"CedarBreaks","PIFL",1906
"CedarBreaks","PIFL",1907
"CedarBreaks","PIFL",1908
"CedarBreaks","PIFL",1909
"CedarBreaks","PIFL",1910
"CedarBreaks","PIFL",1911
"CedarBreaks","PIFL",1912
"CedarBreaks","PIFL",1913
"CedarBreaks","PIFL",1914
"CedarBreaks","PIFL",1915
"CedarBreaks","PIFL",1916
"CedarBreaks","PIFL",1917
"CedarBreaks","PIFL",1918
"CedarBreaks","PIFL",1919
"CedarBreaks","PIFL",1920
"CedarBreaks","PIFL",1921
"CedarBreaks","PIFL",1922
"CedarBreaks","PIFL",1923
"CedarBreaks","PIFL",1924
"CedarBreaks","PIFL",1925
"CedarBreaks","PIFL",1926
"CedarBreaks","PIFL",1927
"CedarBreaks","PIFL",1928
"CedarBreaks","PIFL",1929
"CedarBreaks","PIFL",1930
"CedarBreaks","PIFL",1931
"CedarBreaks","PIFL",1932
"CedarBreaks","PIFL",1933
"CedarBreaks","PIFL",1934
"CedarBreaks","PIFL",1935
"CedarBreaks","PIFL",1936
"CedarBreaks","PIFL",1937
"CedarBreaks","PIFL",1938
"CedarBreaks","PIFL",1939
"CedarBreaks","PIFL",1940
"CedarBreaks","PIFL",1941
"CedarBreaks","PIFL",1942
"CedarBreaks","PIFL",1943
"CedarBreaks","PIFL",1944
"CedarBreaks","PIFL",1945
"CedarBreaks","PIFL",1946
"CedarBreaks","PIFL",1947
"CedarBreaks","PIFL",1948
"CedarBreaks","PIFL",1949
"CedarBreaks","PIFL",1950
"CedarBreaks","PIFL",1951
"CedarBreaks","PIFL",1952
"CedarBreaks","PIFL",1953
"CedarBreaks","PIFL",1954
"CedarBreaks","PIFL",1955
"CedarBreaks","PIFL",1956
"CedarBreaks","PIFL",1957
"CedarBreaks","PIFL",1958
"CedarBreaks","PIFL",1959
"CedarBreaks","PIFL",1960
"CedarBreaks","PIFL",1961
"CedarBreaks","PIFL",1962
"CedarBreaks","PIFL",1963
"CedarBreaks","PIFL",1964
"CedarBreaks","PIFL",1965
"CedarBreaks","PIFL",1966
"CedarBreaks","PIFL",1967
"CedarBreaks","PIFL",1968
"CedarBreaks","PIFL",1969
"CedarBreaks","PIFL",1970
"CedarBreaks","PIFL",1971
"CedarBreaks","PIFL",1972
"CedarBreaks","PIFL",1973
"CedarBreaks","PIFL",1974
"CedarBreaks","PIFL",1975
"CedarBreaks","PIFL",1976
"CedarBreaks","PIFL",1977
"CedarBreaks","PIFL",1978
"CedarBreaks","PIFL",1979
"CedarBreaks","PIFL",1980
"CedarBreaks","PIFL",1981
"CedarBreaks","PIFL",1982
"CedarBreaks","PIFL",1983
"CedarBreaks","PIFL",1984
"CedarBreaks","PIFL",1985
"CedarBreaks","PIFL",1986
"CedarBreaks","PIFL",1987
"CedarBreaks","PIFL",1988
"CedarBreaks","PIFL",1989
"CedarBreaks","PIFL",1990
"CedarBreaks","PIFL",1991
"CedarBreaks","PIFL",1992
"CedarBreaks","PIFL",1993
"CedarBreaks","PIFL",1994
"CedarBreaks","PIFL",1995
"CedarBreaks","PIFL",1996
"CedarBreaks","PIFL",1997
"CedarBreaks","PIFL",1998
"CedarBreaks","PIFL",1999
"CedarBreaks","PIFL",2000
"CedarBreaks","PIFL",2001
"CedarBreaks","PIFL",2002
"CedarBreaks","PIFL",2003
"CedarBreaks","PIFL",2004
"CedarBreaks","PIFL",2005
"CedarBreaks","PIFL",2006
"CedarBreaks","PIFL",2007
"CedarBreaks","PIFL",2008
"CedarBreaks","PIFL",2009
"CedarBreaks","PIFL",2010
"CedarBreaks","PIFL",2011
"CedarBreaks","PIFL",2012
"CedarBreaks","PIFL",2013
"CedarBreaks","PIFL",2014
"CedarBreaks","PIFL",2015
"CedarBreaks","PIFL",2016
"CedarBreaks","PIFL",2017
"CedarBreaks","PILO",1903
"CedarBreaks","PILO",1904
"CedarBreaks","PILO",1905
"CedarBreaks","PILO",1906
"CedarBreaks","PILO",1907
"CedarBreaks","PILO",1908
"CedarBreaks","PILO",1909
"CedarBreaks","PILO",1910
"CedarBreaks","PILO",1911
"CedarBreaks","PILO",1912
"CedarBreaks","PILO",1913
"CedarBreaks","PILO",1914
"CedarBreaks","PILO",1915
"CedarBreaks","PILO",1916
"CedarBreaks","PILO",1917
"CedarBreaks","PILO",1918
"CedarBreaks","PILO",1919
"CedarBreaks","PILO",1920
"CedarBreaks","PILO",1921
"CedarBreaks","PILO",1922
"CedarBreaks","PILO",1923
"CedarBreaks","PILO",1924
"CedarBreaks","PILO",1925
"CedarBreaks","PILO",1926
"CedarBreaks","PILO",1927
"CedarBreaks","PILO",1928
"CedarBreaks","PILO",1929
"CedarBreaks","PILO",1930
"CedarBreaks","PILO",1931
"CedarBreaks","PILO",1932
"CedarBreaks","PILO",1933
"CedarBreaks","PILO",1934
"CedarBreaks","PILO",1935
"CedarBreaks","PILO",1936
"CedarBreaks","PILO",1937
"CedarBreaks","PILO",1938
"CedarBreaks","PILO",1939
"CedarBreaks","PILO",1940
"CedarBreaks","PILO",1941
"CedarBreaks","PILO",1942
"CedarBreaks","PILO",1943
"CedarBreaks","PILO",1944
"CedarBreaks","PILO",1945
"CedarBreaks","PILO",1946
"CedarBreaks","PILO",1947
"CedarBreaks","PILO",1948
"CedarBreaks","PILO",1949
"CedarBreaks","PILO",1950
"CedarBreaks","PILO",1951
"CedarBreaks","PILO",1952
"CedarBreaks","PILO",1953
"CedarBreaks","PILO",1954
"CedarBreaks","PILO",1955
"CedarBreaks","PILO",1956
"CedarBreaks","PILO",1957
"CedarBreaks","PILO",1958
"CedarBreaks","PILO",1959
"CedarBreaks","PILO",1960
"CedarBreaks","PILO",1961
"CedarBreaks","PILO",1962
"CedarBreaks","PILO",1963
"CedarBreaks","PILO",1964
"CedarBreaks","PILO",1965
"CedarBreaks","PILO",1966
"CedarBreaks","PILO",1967
"CedarBreaks","PILO",1968
"CedarBreaks","PILO",1969
"CedarBreaks","PILO",1970
"CedarBreaks","PILO",1971
"CedarBreaks","PILO",1972
"CedarBreaks","PILO",1973
"CedarBreaks","PILO",1974
"CedarBreaks","PILO",1975
"CedarBreaks","PILO",1976
"CedarBreaks","PILO",1977
"CedarBreaks","PILO",1978
"CedarBreaks","PILO",1979
"CedarBreaks","PILO",1980
"CedarBreaks","PILO",1981
"CedarBreaks","PILO",1982
"CedarBreaks","PILO",1983
"CedarBreaks","PILO",1984
"CedarBreaks","PILO",1985
"CedarBreaks","PILO",1986
"CedarBreaks","PILO",1987
"CedarBreaks","PILO",1988
"CedarBreaks","PILO",1989
"CedarBreaks","PILO",1990
"CedarBreaks","PILO",1991
"CedarBreaks","PILO",1992
"CedarBreaks","PILO",1993
"CedarBreaks","PILO",1994
"CedarBreaks","PILO",1995
"CedarBreaks","PILO",1996
"CedarBreaks","PILO",1997
"CedarBreaks","PILO",1998
"CedarBreaks","PILO",1999
"CedarBreaks","PILO",2000
"CedarBreaks","PILO",2001
"CedarBreaks","PILO",2002
"CedarBreaks","PILO",2003
"CedarBreaks","PILO",2004
"CedarBreaks","PILO",2005
"CedarBreaks","PILO",2006
"CedarBreaks","PILO",2007
"CedarBreaks","PILO",2008
"CedarBreaks","PILO",2009
"CedarBreaks","PILO",2010
"CedarBreaks","PILO",2011
"CedarBreaks","PILO",2012
"CedarBreaks","PILO",2013
"CedarBreaks","PILO",2014
"CedarBreaks","PILO",2015
"CedarBreaks","PILO",2016
"CedarBreaks","PILO",2017
"CedarBreaks","PILO",2018
"CedarBreaks","PIPU",1903
"CedarBreaks","PIPU",1904
"CedarBreaks","PIPU",1905
"CedarBreaks","PIPU",1906
"CedarBreaks","PIPU",1907
"CedarBreaks","PIPU",1908
"CedarBreaks","PIPU",1909
"CedarBreaks","PIPU",1910
"CedarBreaks","PIPU",1911
"CedarBreaks","PIPU",1912
"CedarBreaks","PIPU",1913
"CedarBreaks","PIPU",1914
"CedarBreaks","PIPU",1915
"CedarBreaks","PIPU",1916
"CedarBreaks","PIPU",1917
"CedarBreaks","PIPU",1918
"CedarBreaks","PIPU",1919
"CedarBreaks","PIPU",1920
"CedarBreaks","PIPU",1921
"CedarBreaks","PIPU",1922
"CedarBreaks","PIPU",1923
"CedarBreaks","PIPU",1924
"CedarBreaks","PIPU",1925
"CedarBreaks","PIPU",1926
"CedarBreaks","PIPU",1927
"CedarBreaks","PIPU",1928
"CedarBreaks","PIPU",1929
"CedarBreaks","PIPU",1930
"CedarBreaks","PIPU",1931
"CedarBreaks","PIPU",1932
"CedarBreaks","PIPU",1933
"CedarBreaks","PIPU",1934
"CedarBreaks","PIPU",1935
"CedarBreaks","PIPU",1936
"CedarBreaks","PIPU",1937
"CedarBreaks","PIPU",1938
"CedarBreaks","PIPU",1939
"CedarBreaks","PIPU",1940
"CedarBreaks","PIPU",1941
"CedarBreaks","PIPU",1942
"CedarBreaks","PIPU",1943
"CedarBreaks","PIPU",1944
"CedarBreaks","PIPU",1945
"CedarBreaks","PIPU",1946
"CedarBreaks","PIPU",1947
"CedarBreaks","PIPU",1948
"CedarBreaks","PIPU",1949
"CedarBreaks","PIPU",1950
"CedarBreaks","PIPU",1951
"CedarBreaks","PIPU",1952
"CedarBreaks","PIPU",1953
"CedarBreaks","PIPU",1954
"CedarBreaks","PIPU",1955
"CedarBreaks","PIPU",1956
"CedarBreaks","PIPU",1957
"CedarBreaks","PIPU",1958
"CedarBreaks","PIPU",1959
"CedarBreaks","PIPU",1960
"CedarBreaks","PIPU",1961
"CedarBreaks","PIPU",1962
"CedarBreaks","PIPU",1963
"CedarBreaks","PIPU",1964
"CedarBreaks","PIPU",1965
"CedarBreaks","PIPU",1966
"CedarBreaks","PIPU",1967
"CedarBreaks","PIPU",1968
"CedarBreaks","PIPU",1969
"CedarBreaks","PIPU",1970
"CedarBreaks","PIPU",1971
"CedarBreaks","PIPU",1972
"CedarBreaks","PIPU",1973
"CedarBreaks","PIPU",1974
"CedarBreaks","PIPU",1975
"CedarBreaks","PIPU",1976
"CedarBreaks","PIPU",1977
"CedarBreaks","PIPU",1978
"CedarBreaks","PIPU",1979
"CedarBreaks","PIPU",1980
"CedarBreaks","PIPU",1981
"CedarBreaks","PIPU",1982
"CedarBreaks","PIPU",1983
"CedarBreaks","PIPU",1984
"CedarBreaks","PIPU",1985
"CedarBreaks","PIPU",1986
"CedarBreaks","PIPU",1987
"CedarBreaks","PIPU",1988
"CedarBreaks","PIPU",1989
"CedarBreaks","PIPU",1990
"CedarBreaks","PIPU",1991
"CedarBreaks","PIPU",1992
"CedarBreaks","PIPU",1993
"CedarBreaks","PIPU",1994
"CedarBreaks","PIPU",1995
"CedarBreaks","PIPU",1996
"CedarBreaks","PIPU",1997
"CedarBreaks","PIPU",1998
"CedarBreaks","PIPU",1999
"CedarBreaks","PIPU",2000
"CedarBreaks","PIPU",2001
"CedarBreaks","PIPU",2002
"CedarBreaks","PIPU",2003
"CedarBreaks","PIPU",2004
"CedarBreaks","PIPU",2005
"CedarBreaks","PIPU",2006
"CedarBreaks","PIPU",2007
"CedarBreaks","PIPU",2008
"CedarBreaks","PIPU",2009
"CedarBreaks","PIPU",2010
"CedarBreaks","PIPU",2011
"CedarBreaks","PIPU",2012
"CedarBreaks","PIPU",2013
"CedarBreaks","PIPU",2014
"CedarBreaks","PIPU",2015
"CedarBreaks","PIPU",2016
"CedarBreaks","PIPU",2017
"CedarBreaks","PIPU",2018
"CedarBreaks","PIPU",2019
"CedarBreaks","POTR",1903
"CedarBreaks","POTR",1904
"CedarBreaks","POTR",1905
"CedarBreaks","POTR",1906
"CedarBreaks","POTR",1907
"CedarBreaks","POTR",1908
"CedarBreaks","POTR",1909
"CedarBreaks","POTR",1910
"CedarBreaks","POTR",1911
"CedarBreaks","POTR",1912
"CedarBreaks","POTR",1913
"CedarBreaks","POTR",1914
"CedarBreaks","POTR",1915
"CedarBreaks","POTR",1916
"CedarBreaks","POTR",1917
"CedarBreaks","POTR",1918
"CedarBreaks","POTR",1919
"CedarBreaks","POTR",1920
"CedarBreaks","POTR",1921
"CedarBreaks","POTR",1922
"CedarBreaks","POTR",1923
"CedarBreaks","POTR",1924
"CedarBreaks","POTR",1925
"CedarBreaks","POTR",1926
"CedarBreaks","POTR",1927
"CedarBreaks","POTR",1928
"CedarBreaks","POTR",1929
"CedarBreaks","POTR",1930
"CedarBreaks","POTR",1931
"CedarBreaks","POTR",1932
"CedarBreaks","POTR",1933
"CedarBreaks","POTR",1934
"CedarBreaks","POTR",1935
"CedarBreaks","POTR",1936
"CedarBreaks","POTR",1937
"CedarBreaks","POTR",1938
"CedarBreaks","POTR",1939
"CedarBreaks","POTR",1940
"CedarBreaks","POTR",1941
"CedarBreaks","POTR",1942
"CedarBreaks","POTR",1943
"CedarBreaks","POTR",1944
"CedarBreaks","POTR",1951
"CedarBreaks","POTR",1952
"CedarBreaks","POTR",1953
"CedarBreaks","POTR",1954
"CedarBreaks","POTR",1955
"CedarBreaks","POTR",1956
"CedarBreaks","POTR",1957
"CedarBreaks","POTR",1958
"CedarBreaks","POTR",1959
"CedarBreaks","POTR",1960
"CedarBreaks","POTR",1961
"CedarBreaks","POTR",1962
"CedarBreaks","POTR",1963
"CedarBreaks","POTR",1964
"CedarBreaks","POTR",1965
"CedarBreaks","POTR",1966
"CedarBreaks","POTR",1967
"CedarBreaks","POTR",1968
"CedarBreaks","POTR",1969
"CedarBreaks","POTR",1970
"CedarBreaks","POTR",1971
"CedarBreaks","POTR",1972
"CedarBreaks","POTR",1973
"CedarBreaks","POTR",1974
"CedarBreaks","POTR",1975
"CedarBreaks","POTR",1976
"CedarBreaks","POTR",1977
"CedarBreaks","POTR",1978
"CedarBreaks","POTR",1979
"CedarBreaks","POTR",1980
"CedarBreaks","POTR",1981
"CedarBreaks","POTR",1982
"CedarBreaks","POTR",1983
"CedarBreaks","POTR",1984
"CedarBreaks","POTR",1985
"CedarBreaks","POTR",1986
"CedarBreaks","POTR",1987
"CedarBreaks","POTR",1988
"CedarBreaks","POTR",1989
"CedarBreaks","POTR",1990
"CedarBreaks","POTR",1991
"CedarBreaks","POTR",1992
"CedarBreaks","POTR",1993
"CedarBreaks","POTR",1994
"CedarBreaks","POTR",1995
"CedarBreaks","POTR",1996
"CedarBreaks","POTR",1997
"CedarBreaks","POTR",1998
"CedarBreaks","POTR",1999
"CedarBreaks","POTR",2000
"CedarBreaks","POTR",2001
"CedarBreaks","POTR",2002
"CedarBreaks","POTR",2003
"CedarBreaks","POTR",2004
"CedarBreaks","POTR",2005
"CedarBreaks","POTR",2006
"CedarBreaks","POTR",2007
"CedarBreaks","POTR",2008
"CedarBreaks","POTR",2009
"CedarBreaks","POTR",2010
"CedarBreaks","POTR",2011
"CedarBreaks","POTR",2012
"CedarBreaks","POTR",2013
"CedarBreaks","POTR",2014
"CedarBreaks","POTR",2015
"CedarBreaks","POTR",2016
"CedarBreaks","POTR",2017
"CedarBreaks","POTR",2018
"CedarBreaks","POTR",2019
"CedarBreaks","PSME",1903
"CedarBreaks","PSME",1904
"CedarBreaks","PSME",1905
"CedarBreaks","PSME",1906
"CedarBreaks","PSME",1907
"CedarBreaks","PSME",1908
"CedarBreaks","PSME",1909
"CedarBreaks","PSME",1910
"CedarBreaks","PSME",1911
"CedarBreaks","PSME",1912
"CedarBreaks","PSME",1913
"CedarBreaks","PSME",1914
"CedarBreaks","PSME",1915
"CedarBreaks","PSME",1916
"CedarBreaks","PSME",1917
"CedarBreaks","PSME",1918
"CedarBreaks","PSME",1919
"CedarBreaks","PSME",1920
"CedarBreaks","PSME",1921
"CedarBreaks","PSME",1922
"CedarBreaks","PSME",1923
"CedarBreaks","PSME",1924
"CedarBreaks","PSME",1925
"CedarBreaks","PSME",1926
"CedarBreaks","PSME",1927
"CedarBreaks","PSME",1928
"CedarBreaks","PSME",1929
"CedarBreaks","PSME",1930
"CedarBreaks","PSME",1939
"CedarBreaks","PSME",1940
"CedarBreaks","PSME",1941
"CedarBreaks","PSME",1942
"CedarBreaks","PSME",1943
"CedarBreaks","PSME",1944
"CedarBreaks","PSME",1945
"CedarBreaks","PSME",1946
"CedarBreaks","PSME",1947
"CedarBreaks","PSME",1948
"CedarBreaks","PSME",1949
"CedarBreaks","PSME",1950
"CedarBreaks","PSME",1951
"CedarBreaks","PSME",1952
"CedarBreaks","PSME",1953
"CedarBreaks","PSME",1954
"CedarBreaks","PSME",1955
"CedarBreaks","PSME",1956
"CedarBreaks","PSME",1957
"CedarBreaks","PSME",1958
"CedarBreaks","PSME",1959
"CedarBreaks","PSME",1960
"CedarBreaks","PSME",1961
"CedarBreaks","PSME",1962
"CedarBreaks","PSME",1963
"CedarBreaks","PSME",1964
"CedarBreaks","PSME",1965
"CedarBreaks","PSME",1966
"CedarBreaks","PSME",1967
"CedarBreaks","PSME",1968
"CedarBreaks","PSME",1969
"CedarBreaks","PSME",1970
"CedarBreaks","PSME",1971
"CedarBreaks","PSME",1972
"CedarBreaks","PSME",1973
"CedarBreaks","PSME",1974
"CedarBreaks","PSME",1975
"CedarBreaks","PSME",1976
"CedarBreaks","PSME",1977
"CedarBreaks","PSME",1978
"CedarBreaks","PSME",1979
"CedarBreaks","PSME",1980
"CedarBreaks","PSME",1981
"CedarBreaks","PSME",1982
"CedarBreaks","PSME",1983
"CedarBreaks","PSME",1984
"CedarBreaks","PSME",1985
"CedarBreaks","PSME",1986
"CedarBreaks","PSME",1987
"CedarBreaks","PSME",1988
"CedarBreaks","PSME",1989
"CedarBreaks","PSME",1990
"CedarBreaks","PSME",1991
"CedarBreaks","PSME",1992
"CedarBreaks","PSME",1993
"CedarBreaks","PSME",1994
"CedarBreaks","PSME",1995
"CedarBreaks","PSME",1996
"CedarBreaks","PSME",1997
"CedarBreaks","PSME",1998
"CedarBreaks","PSME",1999
"CedarBreaks","PSME",2000
"CedarBreaks","PSME",2001
"CedarBreaks","PSME",2002
"CedarBreaks","PSME",2003
"CedarBreaks","PSME",2004
"CedarBreaks","PSME",2005
"CedarBreaks","PSME",2006
"CedarBreaks","PSME",2007
"CedarBreaks","PSME",2008
"CedarBreaks","PSME",2009
"CedarBreaks","PSME",2010
"CedarBreaks","PSME",2011
"CedarBreaks","PSME",2012
"CedarBreaks","PSME",2013
"CedarBreaks","PSME",2014
"CedarBreaks","PSME",2015
"CedarBreaks","PSME",2016
"CedarBreaks","PSME",2017
"HarvardForest","ACRU",1929
"HarvardForest","ACRU",1930
"HarvardForest","ACRU",1931
"HarvardForest","ACRU",1932
"HarvardForest","ACRU",1933
"HarvardForest","ACRU",1934
"HarvardForest","ACRU",1935
"HarvardForest","ACRU",1936
"HarvardForest","ACRU",1937
"HarvardForest","ACRU",1938
"HarvardForest","ACRU",1939
"HarvardForest","ACRU",1940
"HarvardForest","ACRU",1941
"HarvardForest","ACRU",1942
"HarvardForest","ACRU",1943
"HarvardForest","ACRU",1944
"HarvardForest","ACRU",1945
"HarvardForest","ACRU",1946
"HarvardForest","ACRU",1947
"HarvardForest","ACRU",1948
"HarvardForest","ACRU",1949
"HarvardForest","ACRU",1950
"HarvardForest","ACRU",1951
"HarvardForest","ACRU",1952
"HarvardForest","ACRU",1953
"HarvardForest","ACRU",1954
"HarvardForest","ACRU",1955
"HarvardForest","ACRU",1956
"HarvardForest","ACRU",1957
"HarvardForest","ACRU",1958
"HarvardForest","ACRU",1959
"HarvardForest","ACRU",1960
"HarvardForest","ACRU",1961
"HarvardForest","ACRU",1962
"HarvardForest","ACRU",1963
"HarvardForest","ACRU",1964
"HarvardForest","ACRU",1965
"HarvardForest","ACRU",1966
"HarvardForest","ACRU",1967
"HarvardForest","ACRU",1968
"HarvardForest","ACRU",1969
"HarvardForest","ACRU",1970
"HarvardForest","ACRU",1971
"HarvardForest","ACRU",1972
"HarvardForest","ACRU",1973
"HarvardForest","ACRU",1974
"HarvardForest","ACRU",1975
"HarvardForest","ACRU",1976
"HarvardForest","ACRU",1977
"HarvardForest","ACRU",1978
"HarvardForest","ACRU",1979
"HarvardForest","ACRU",1980
"HarvardForest","ACRU",1981
"HarvardForest","ACRU",1982
"HarvardForest","ACRU",1983
"HarvardForest","ACRU",1984
"HarvardForest","ACRU",1985
"HarvardForest","ACRU",1986
"HarvardForest","ACRU",1987
"HarvardForest","ACRU",1988
"HarvardForest","ACRU",1989
"HarvardForest","ACRU",1990
"HarvardForest","ACRU",1991
"HarvardForest","ACRU",1992
"HarvardForest","ACRU",1993
"HarvardForest","ACRU",1994
"HarvardForest","ACRU",1995
"HarvardForest","ACRU",1996
"HarvardForest","ACRU",1997
"HarvardForest","ACRU",1998
"HarvardForest","ACRU",1999
"HarvardForest","ACRU",2000
"HarvardForest","ACRU",2001
"HarvardForest","ACRU",2002
"HarvardForest","ACRU",2003
"HarvardForest","ACRU",2004
"HarvardForest","ACRU",2005
"HarvardForest","ACRU",2006
"HarvardForest","ACRU",2007
"HarvardForest","ACRU",2008
"HarvardForest","ACRU",2009
"HarvardForest","ACRU",2010
"HarvardForest","ACRU",2011
"HarvardForest","ACRU",2012
"HarvardForest","ACRU",2013
"HarvardForest","BEAL",1930
"HarvardForest","BEAL",1931
"HarvardForest","BEAL",1932
"HarvardForest","BEAL",1933
"HarvardForest","BEAL",1934
"HarvardForest","BEAL",1935
"HarvardForest","BEAL",1936
"HarvardForest","BEAL",1937
"HarvardForest","BEAL",1938
"HarvardForest","BEAL",1939
"HarvardForest","BEAL",1940
"HarvardForest","BEAL",1941
"HarvardForest","BEAL",1942
"HarvardForest","BEAL",1943
"HarvardForest","BEAL",1944
"HarvardForest","BEAL",1945
"HarvardForest","BEAL",1946
"HarvardForest","BEAL",1947
"HarvardForest","BEAL",1948
"HarvardForest","BEAL",1949
"HarvardForest","BEAL",1950
"HarvardForest","BEAL",1951
"HarvardForest","BEAL",1952
"HarvardForest","BEAL",1953
"HarvardForest","BEAL",1954
"HarvardForest","BEAL",1955
"HarvardForest","BEAL",1956
"HarvardForest","BEAL",1957
"HarvardForest","BEAL",1958
"HarvardForest","BEAL",1959
"HarvardForest","BEAL",1960
"HarvardForest","BEAL",1961
"HarvardForest","BEAL",1962
"HarvardForest","BEAL",1963
"HarvardForest","BEAL",1964
"HarvardForest","BEAL",1965
"HarvardForest","BEAL",1966
"HarvardForest","BEAL",1967
"HarvardForest","BEAL",1968
"HarvardForest","BEAL",1969
"HarvardForest","BEAL",1970
"HarvardForest","BEAL",1971
"HarvardForest","BEAL",1972
"HarvardForest","BEAL",1973
"HarvardForest","BEAL",1974
"HarvardForest","BEAL",1975
"HarvardForest","BEAL",1976
"HarvardForest","BEAL",1977
"HarvardForest","BEAL",1978
"HarvardForest","BEAL",1979
"HarvardForest","BEAL",1980
"HarvardForest","BEAL",1981
"HarvardForest","BEAL",1982
"HarvardForest","BEAL",1983
"HarvardForest","BEAL",1984
"HarvardForest","BEAL",1985
"HarvardForest","BEAL",1986
"HarvardForest","BEAL",1987
"HarvardForest","BEAL",1988
"HarvardForest","BEAL",1989
"HarvardForest","BEAL",1990
"HarvardForest","BEAL",1991
"HarvardForest","BEAL",1992
"HarvardForest","BEAL",1993
"HarvardForest","BEAL",1994
"HarvardForest","BEAL",1995
"HarvardForest","BEAL",1996
"HarvardForest","BEAL",1997
"HarvardForest","BEAL",1998
"HarvardForest","BEAL",1999
"HarvardForest","BEAL",2000
"HarvardForest","BEAL",2001
"HarvardForest","BEAL",2002
"HarvardForest","BEAL",2003
"HarvardForest","BEAL",2004
"HarvardForest","BEAL",2005
"HarvardForest","BEAL",2006
"HarvardForest","BEAL",2007
"HarvardForest","BEAL",2008
"HarvardForest","BEAL",2009
"HarvardForest","BEAL",2010
"HarvardForest","BEAL",2011
"HarvardForest","BEAL",2012
"HarvardForest","BEAL",2013
"HarvardForest","QURU",1930
"HarvardForest","QURU",1931
"HarvardForest","QURU",1932
"HarvardForest","QURU",1933
"HarvardForest","QURU",1934
"HarvardForest","QURU",1935
"HarvardForest","QURU",1936
"HarvardForest","QURU",1937
"HarvardForest","QURU",1938
"HarvardForest","QURU",1939
"HarvardForest","QURU",1940
"HarvardForest","QURU",1941
"HarvardForest","QURU",1942
"HarvardForest","QURU",1943
"HarvardForest","QURU",1944
"HarvardForest","QURU",1945
"HarvardForest","QURU",1946
"HarvardForest","QURU",1947
"HarvardForest","QURU",1948
"HarvardForest","QURU",1949
"HarvardForest","QURU",1950
"HarvardForest","QURU",1951
"HarvardForest","QURU",1952
"HarvardForest","QURU",1953
"HarvardForest","QURU",1954
"HarvardForest","QURU",1955
"HarvardForest","QURU",1956
"HarvardForest","QURU",1957
"HarvardForest","QURU",1958
"HarvardForest","QURU",1959
"HarvardForest","QURU",1960
"HarvardForest","QURU",1961
"HarvardForest","QURU",1962
"HarvardForest","QURU",1963
"HarvardForest","QURU",1964
"HarvardForest","QURU",1965
"HarvardForest","QURU",1966
"HarvardForest","QURU",1967
"HarvardForest","QURU",1968
"HarvardForest","QURU",1969
"HarvardForest","QURU",1970
"HarvardForest","QURU",1971
"HarvardForest","QURU",1972
"HarvardForest","QURU",1973
"HarvardForest","QURU",1974
"HarvardForest","QURU",1975
"HarvardForest","QURU",1976
"HarvardForest","QURU",1977
"HarvardForest","QURU",1978
"HarvardForest","QURU",1979
"HarvardForest","QURU",1980
"HarvardForest","QURU",1981
"HarvardForest","QURU",1982
"HarvardForest","QURU",1983
"HarvardForest","QURU",1984
"HarvardForest","QURU",1985
"HarvardForest","QURU",1986
"HarvardForest","QURU",1987
"HarvardForest","QURU",1988
"HarvardForest","QURU",1989
"HarvardForest","QURU",1990
"HarvardForest","QURU",1991
"HarvardForest","QURU",1992
"HarvardForest","QURU",1993
"HarvardForest","QURU",1994
"HarvardForest","QURU",1995
"HarvardForest","QURU",1996
"HarvardForest","QURU",1997
"HarvardForest","QURU",1998
"HarvardForest","QURU",1999
"HarvardForest","QURU",2000
"HarvardForest","QURU",2001
"HarvardForest","QURU",2002
"HarvardForest","QURU",2003
"HarvardForest","QURU",2004
"HarvardForest","QURU",2005
"HarvardForest","QURU",2006
"HarvardForest","QURU",2007
"HarvardForest","QURU",2008
"HarvardForest","QURU",2009
"HarvardForest","QURU",2010
"HarvardForest","QURU",2011
"HarvardForest","QURU",2012
"HarvardForest","QURU",2013
"HarvardForest","QURU",2014
"HarvardForest","TSCA",1949
"HarvardForest","TSCA",1950
"HarvardForest","TSCA",1951
"HarvardForest","TSCA",1952
"HarvardForest","TSCA",1953
"HarvardForest","TSCA",1954
"HarvardForest","TSCA",1955
"HarvardForest","TSCA",1956
"HarvardForest","TSCA",1957
"HarvardForest","TSCA",1958
"HarvardForest","TSCA",1959
"HarvardForest","TSCA",1960
"HarvardForest","TSCA",1961
"HarvardForest","TSCA",1962
"HarvardForest","TSCA",1963
"HarvardForest","TSCA",1964
"HarvardForest","TSCA",1965
"HarvardForest","TSCA",1966
"HarvardForest","TSCA",1967
"HarvardForest","TSCA",1968
"HarvardForest","TSCA",1969
"HarvardForest","TSCA",1970
"HarvardForest","TSCA",1971
"HarvardForest","TSCA",1972
"HarvardForest","TSCA",1973
"HarvardForest","TSCA",1974
"HarvardForest","TSCA",1975
"HarvardForest","TSCA",1976
"HarvardForest","TSCA",1977
"HarvardForest","TSCA",1978
"HarvardForest","TSCA",1979
"HarvardForest","TSCA",1980
"HarvardForest","TSCA",1981
"HarvardForest","TSCA",1982
"HarvardForest","TSCA",1983
"HarvardForest","TSCA",1984
"HarvardForest","TSCA",1985
"HarvardForest","TSCA",1986
"HarvardForest","TSCA",1987
"HarvardForest","TSCA",1988
"HarvardForest","TSCA",1989
"HarvardForest","TSCA",1990
"HarvardForest","TSCA",1991
"HarvardForest","TSCA",1992
"HarvardForest","TSCA",1993
"HarvardForest","TSCA",1994
"HarvardForest","TSCA",1995
"HarvardForest","TSCA",1996
"HarvardForest","TSCA",1997
"HarvardForest","TSCA",1998
"HarvardForest","TSCA",1999
"HarvardForest","TSCA",2000
"HarvardForest","TSCA",2001
"HarvardForest","TSCA",2002
"HarvardForest","TSCA",2003
"HarvardForest","TSCA",2004
"HarvardForest","TSCA",2005
"HarvardForest","TSCA",2006
"HarvardForest","TSCA",2007
"HarvardForest","TSCA",2008
"HarvardForest","TSCA",2009
"HarvardForest","TSCA",2010
"HarvardForest","TSCA",2011
"HarvardForest","TSCA",2012
"HarvardForest","TSCA",2013
"HKK","AFXY",1933
"HKK","AFXY",1934
"HKK","AFXY",1935
"HKK","AFXY",1936
"HKK","AFXY",1937
"HKK","AFXY",1938
"HKK","AFXY",1939
"HKK","AFXY",1940
"HKK","AFXY",1941
"HKK","AFXY",1942
"HKK","AFXY",1943
"HKK","AFXY",1944
"HKK","AFXY",1945
"HKK","AFXY",1946
"HKK","AFXY",1947
"HKK","AFXY",1948
"HKK","AFXY",1949
"HKK","AFXY",1950
"HKK","AFXY",1951
"HKK","AFXY",1952
"HKK","AFXY",1953
"HKK","AFXY",1954
"HKK","AFXY",1955
"HKK","AFXY",1956
"HKK","AFXY",1957
"HKK","AFXY",1958
"HKK","AFXY",1959
"HKK","AFXY",1960
"HKK","AFXY",1961
"HKK","AFXY",1962
"HKK","AFXY",1963
"HKK","AFXY",1964
"HKK","AFXY",1965
"HKK","AFXY",1966
"HKK","AFXY",1967
"HKK","AFXY",1968
"HKK","AFXY",1969
"HKK","AFXY",1970
"HKK","AFXY",1971
"HKK","AFXY",1972
"HKK","AFXY",1973
"HKK","AFXY",1974
"HKK","AFXY",1975
"HKK","AFXY",1976
"HKK","AFXY",1977
"HKK","AFXY",1978
"HKK","AFXY",1979
"HKK","AFXY",1980
"HKK","AFXY",1981
"HKK","AFXY",1982
"HKK","AFXY",1983
"HKK","AFXY",1984
"HKK","AFXY",1985
"HKK","AFXY",1986
"HKK","AFXY",1987
"HKK","AFXY",1988
"HKK","AFXY",1989
"HKK","AFXY",1990
"HKK","AFXY",1991
"HKK","AFXY",1992
"HKK","AFXY",1993
"HKK","AFXY",1994
"HKK","AFXY",1995
"HKK","AFXY",1996
"HKK","AFXY",1997
"HKK","AFXY",1998
"HKK","AFXY",1999
"HKK","AFXY",2000
"HKK","AFXY",2001
"HKK","AFXY",2002
"HKK","AFXY",2003
"HKK","AFXY",2004
"HKK","AFXY",2005
"HKK","AFXY",2006
"HKK","AFXY",2007
"HKK","AFXY",2008
"HKK","AFXY",2009
"HKK","AFXY",2010
"HKK","AFXY",2011
"HKK","CHTA",1939
"HKK","CHTA",1940
"HKK","CHTA",1941
"HKK","CHTA",1942
"HKK","CHTA",1943
"HKK","CHTA",1944
"HKK","CHTA",1945
"HKK","CHTA",1946
"HKK","CHTA",1947
"HKK","CHTA",1948
"HKK","CHTA",1949
"HKK","CHTA",1950
"HKK","CHTA",1951
"HKK","CHTA",1952
"HKK","CHTA",1953
"HKK","CHTA",1954
"HKK","CHTA",1955
"HKK","CHTA",1956
"HKK","CHTA",1957
"HKK","CHTA",1958
"HKK","CHTA",1959
"HKK","CHTA",1960
"HKK","CHTA",1961
"HKK","CHTA",1962
"HKK","CHTA",1963
"HKK","CHTA",1964
"HKK","CHTA",1965
"HKK","CHTA",1966
"HKK","CHTA",1967
"HKK","CHTA",1968
"HKK","CHTA",1969
"HKK","CHTA",1970
"HKK","CHTA",1971
"HKK","CHTA",1972
"HKK","CHTA",1973
"HKK","CHTA",1974
"HKK","CHTA",1975
"HKK","CHTA",1976
"HKK","CHTA",1977
"HKK","CHTA",1978
"HKK","CHTA",1979
"HKK","CHTA",1980
"HKK","CHTA",1981
"HKK","CHTA",1982
"HKK","CHTA",1983
"HKK","CHTA",1984
"HKK","CHTA",1985
"HKK","CHTA",1986
"HKK","CHTA",1987
"HKK","CHTA",1988
"HKK","CHTA",1989
"HKK","CHTA",1990
"HKK","CHTA",1991
"HKK","CHTA",1992
"HKK","CHTA",1993
"HKK","CHTA",1994
"HKK","CHTA",1995
"HKK","CHTA",1996
"HKK","CHTA",1997
"HKK","CHTA",1998
"HKK","CHTA",1999
"HKK","CHTA",2000
"HKK","CHTA",2001
"HKK","CHTA",2002
"HKK","CHTA",2003
"HKK","CHTA",2004
"HKK","CHTA",2005
"HKK","CHTA",2006
"HKK","CHTA",2007
"HKK","CHTA",2008
"HKK","CHTA",2009
"HKK","CHTA",2010
"HKK","TOCI",1924
"HKK","TOCI",1925
"HKK","TOCI",1926
"HKK","TOCI",1927
"HKK","TOCI",1928
"HKK","TOCI",1929
"HKK","TOCI",1930
"HKK","TOCI",1931
"HKK","TOCI",1932
"HKK","TOCI",1933
"HKK","TOCI",1934
"HKK","TOCI",1935
"HKK","TOCI",1936
"HKK","TOCI",1937
"HKK","TOCI",1938
"HKK","TOCI",1939
"HKK","TOCI",1940
"HKK","TOCI",1941
"HKK","TOCI",1942
"HKK","TOCI",1943
"HKK","TOCI",1944
"HKK","TOCI",1945
"HKK","TOCI",1946
"HKK","TOCI",1947
"HKK","TOCI",1948
"HKK","TOCI",1949
"HKK","TOCI",1950
"HKK","TOCI",1951
"HKK","TOCI",1952
"HKK","TOCI",1953
"HKK","TOCI",1954
"HKK","TOCI",1955
"HKK","TOCI",1956
"HKK","TOCI",1957
"HKK","TOCI",1958
"HKK","TOCI",1959
"HKK","TOCI",1960
"HKK","TOCI",1961
"HKK","TOCI",1962
"HKK","TOCI",1963
"HKK","TOCI",1964
"HKK","TOCI",1965
"HKK","TOCI",1966
"HKK","TOCI",1967
"HKK","TOCI",1968
"HKK","TOCI",1969
"HKK","TOCI",1970
"HKK","TOCI",1971
"HKK","TOCI",1972
"HKK","TOCI",1973
"HKK","TOCI",1974
"HKK","TOCI",1975
"HKK","TOCI",1976
"HKK","TOCI",1977
"HKK","TOCI",1978
"HKK","TOCI",1979
"HKK","TOCI",1980
"HKK","TOCI",1981
"HKK","TOCI",1982
"HKK","TOCI",1983
"HKK","TOCI",1984
"HKK","TOCI",1985
"HKK","TOCI",1986
"HKK","TOCI",1987
"HKK","TOCI",1988
"HKK","TOCI",1989
"HKK","TOCI",1990
"HKK","TOCI",1991
"HKK","TOCI",1992
"HKK","TOCI",1993
"HKK","TOCI",1994
"HKK","TOCI",1995
"HKK","TOCI",1996
"HKK","TOCI",1997
"HKK","TOCI",1998
"HKK","TOCI",1999
"HKK","TOCI",2000
"HKK","TOCI",2001
"HKK","TOCI",2002
"HKK","TOCI",2003
"HKK","TOCI",2004
"HKK","TOCI",2005
"HKK","TOCI",2006
"HKK","TOCI",2007
"HKK","TOCI",2008
"HKK","TOCI",2009
"HKK","TOCI",2010
"HKK","TOCI",2011
"LillyDickey","LITU",1935
"LillyDickey","LITU",1936
"LillyDickey","LITU",1937
"LillyDickey","LITU",1938
"LillyDickey","LITU",1939
"LillyDickey","LITU",1940
"LillyDickey","LITU",1941
"LillyDickey","LITU",1942
"LillyDickey","LITU",1943
"LillyDickey","LITU",1944
"LillyDickey","LITU",1945
"LillyDickey","LITU",1946
"LillyDickey","LITU",1947
"LillyDickey","LITU",1948
"LillyDickey","LITU",1949
"LillyDickey","LITU",1950
"LillyDickey","LITU",1951
"LillyDickey","LITU",1952
"LillyDickey","LITU",1953
"LillyDickey","LITU",1954
"LillyDickey","LITU",1955
"LillyDickey","LITU",1956
"LillyDickey","LITU",1957
"LillyDickey","LITU",1958
"LillyDickey","LITU",1959
"LillyDickey","LITU",1960
"LillyDickey","LITU",1961
"LillyDickey","LITU",1962
"LillyDickey","LITU",1963
"LillyDickey","LITU",1964
"LillyDickey","LITU",1965
"LillyDickey","LITU",1966
"LillyDickey","LITU",1967
"LillyDickey","LITU",1968
"LillyDickey","LITU",1969
"LillyDickey","LITU",1970
"LillyDickey","LITU",1971
"LillyDickey","LITU",1972
"LillyDickey","LITU",1973
"LillyDickey","LITU",1974
"LillyDickey","LITU",1975
"LillyDickey","LITU",1976
"LillyDickey","LITU",1977
"LillyDickey","LITU",1978
"LillyDickey","LITU",1979
"LillyDickey","LITU",1980
"LillyDickey","LITU",1981
"LillyDickey","LITU",1982
"LillyDickey","LITU",1983
"LillyDickey","LITU",1984
"LillyDickey","LITU",1985
"LillyDickey","LITU",1986
"LillyDickey","LITU",1987
"LillyDickey","LITU",1988
"LillyDickey","LITU",1989
"LillyDickey","LITU",1990
"LillyDickey","LITU",1991
"LillyDickey","LITU",1992
"LillyDickey","LITU",1993
"LillyDickey","LITU",1994
"LillyDickey","LITU",1995
"LillyDickey","LITU",1996
"LillyDickey","LITU",1997
"LillyDickey","LITU",1998
"LillyDickey","LITU",1999
"LillyDickey","LITU",2000
"LillyDickey","LITU",2001
"LillyDickey","LITU",2002
"LillyDickey","LITU",2003
"LillyDickey","LITU",2004
"LillyDickey","LITU",2005
"LillyDickey","LITU",2006
"LillyDickey","LITU",2007
"LillyDickey","LITU",2008
"LillyDickey","LITU",2009
"LillyDickey","LITU",2010
"LillyDickey","LITU",2011
"LillyDickey","LITU",2012
"LillyDickey","LITU",2013
"NewMexico","PIPO",1903
"NewMexico","PIPO",1904
"NewMexico","PIPO",1905
"NewMexico","PIPO",1906
"NewMexico","PIPO",1907
"NewMexico","PIPO",1908
"NewMexico","PIPO",1909
"NewMexico","PIPO",1910
"NewMexico","PIPO",1911
"NewMexico","PIPO",1912
"NewMexico","PIPO",1913
"NewMexico","PIPO",1914
"NewMexico","PIPO",1915
"NewMexico","PIPO",1916
"NewMexico","PIPO",1917
"NewMexico","PIPO",1918
"NewMexico","PIPO",1919
"NewMexico","PIPO",1920
"NewMexico","PIPO",1921
"NewMexico","PIPO",1922
"NewMexico","PIPO",1923
"NewMexico","PIPO",1924
"NewMexico","PIPO",1925
"NewMexico","PIPO",1926
"NewMexico","PIPO",1927
"NewMexico","PIPO",1928
"NewMexico","PIPO",1929
"NewMexico","PIPO",1930
"NewMexico","PIPO",1931
"NewMexico","PIPO",1932
"NewMexico","PIPO",1933
"NewMexico","PIPO",1934
"NewMexico","PIPO",1935
"NewMexico","PIPO",1936
"NewMexico","PIPO",1937
"NewMexico","PIPO",1938
"NewMexico","PIPO",1939
"NewMexico","PIPO",1940
"NewMexico","PIPO",1941
"NewMexico","PIPO",1942
"NewMexico","PIPO",1943
"NewMexico","PIPO",1944
"NewMexico","PIPO",1945
"NewMexico","PIPO",1946
"NewMexico","PIPO",1947
"NewMexico","PIPO",1948
"NewMexico","PIPO",1949
"NewMexico","PIPO",1950
"NewMexico","PIPO",1951
"NewMexico","PIPO",1952
"NewMexico","PIPO",1953
"NewMexico","PIPO",1954
"NewMexico","PIPO",1955
"NewMexico","PIPO",1956
"NewMexico","PIPO",1957
"NewMexico","PIPO",1958
"NewMexico","PIPO",1959
"NewMexico","PIPO",1960
"NewMexico","PIPO",1961
"NewMexico","PIPO",1962
"NewMexico","PIPO",1963
"NewMexico","PIPO",1964
"NewMexico","PIPO",1965
"NewMexico","PIPO",1966
"NewMexico","PIPO",1967
"NewMexico","PIPO",1968
"NewMexico","PIPO",1969
"NewMexico","PIPO",1970
"NewMexico","PIPO",1971
"NewMexico","PIPO",1972
"NewMexico","PIPO",1973
"NewMexico","PIPO",1974
"NewMexico","PIPO",1975
"NewMexico","PIPO",1976
"NewMexico","PIPO",1977
"NewMexico","PIPO",1978
"NewMexico","PIPO",1979
"NewMexico","PIPO",1980
"NewMexico","PIPO",1981
"NewMexico","PIPO",1982
"NewMexico","PIPO",1983
"NewMexico","PIPO",1984
"NewMexico","PIPO",1985
"NewMexico","PIPO",1986
"NewMexico","PIPO",1987
"NewMexico","PIPO",1988
"NewMexico","PIPO",1989
"NewMexico","PIPO",1990
"NewMexico","PIPO",1991
"NewMexico","PIPO",1992
"NewMexico","PIPO",1993
"NewMexico","PIPO",1994
"NewMexico","PIPO",1995
"NewMexico","PIPO",1996
"NewMexico","PIPO",1997
"NewMexico","PIPO",1998
"NewMexico","PIPO",1999
"NewMexico","PIPO",2000
"NewMexico","PIPO",2001
"NewMexico","PIPO",2002
"NewMexico","PIPO",2003
"NewMexico","PIPO",2004
"NewMexico","PIPO",2005
"NewMexico","PIPO",2006
"NewMexico","PIPO",2007
"NewMexico","PIPO",2008
"NewMexico","PIPO",2009
"NewMexico","PIPO",2010
"NewMexico","PIPO",2011
"NewMexico","PIPO",2012
"NewMexico","PIPO",2013
"NewMexico","PIPO",2014
"NewMexico","PIPO",2015
"NewMexico","PIPO",2016
"NewMexico","PIPO",2017
"NewMexico","PIPO",2018
"NewMexico","PIST3",1903
"NewMexico","PIST3",1904
"NewMexico","PIST3",1905
"NewMexico","PIST3",1906
"NewMexico","PIST3",1907
"NewMexico","PIST3",1908
"NewMexico","PIST3",1909
"NewMexico","PIST3",1910
"NewMexico","PIST3",1911
"NewMexico","PIST3",1912
"NewMexico","PIST3",1913
"NewMexico","PIST3",1914
"NewMexico","PIST3",1915
"NewMexico","PIST3",1916
"NewMexico","PIST3",1917
"NewMexico","PIST3",1918
"NewMexico","PIST3",1919
"NewMexico","PIST3",1920
"NewMexico","PIST3",1921
"NewMexico","PIST3",1922
"NewMexico","PIST3",1923
"NewMexico","PIST3",1924
"NewMexico","PIST3",1925
"NewMexico","PIST3",1926
"NewMexico","PIST3",1927
"NewMexico","PIST3",1928
"NewMexico","PIST3",1929
"NewMexico","PIST3",1930
"NewMexico","PIST3",1931
"NewMexico","PIST3",1932
"NewMexico","PIST3",1933
"NewMexico","PIST3",1934
"NewMexico","PIST3",1935
"NewMexico","PIST3",1936
"NewMexico","PIST3",1937
"NewMexico","PIST3",1938
"NewMexico","PIST3",1939
"NewMexico","PIST3",1940
"NewMexico","PIST3",1941
"NewMexico","PIST3",1942
"NewMexico","PIST3",1943
"NewMexico","PIST3",1944
"NewMexico","PIST3",1945
"NewMexico","PIST3",1946
"NewMexico","PIST3",1947
"NewMexico","PIST3",1948
"NewMexico","PIST3",1949
"NewMexico","PIST3",1950
"NewMexico","PIST3",1951
"NewMexico","PIST3",1952
"NewMexico","PIST3",1953
"NewMexico","PIST3",1954
"NewMexico","PIST3",1955
"NewMexico","PIST3",1956
"NewMexico","PIST3",1957
"NewMexico","PIST3",1958
"NewMexico","PIST3",1959
"NewMexico","PIST3",1960
"NewMexico","PIST3",1961
"NewMexico","PIST3",1962
"NewMexico","PIST3",1963
"NewMexico","PIST3",1964
"NewMexico","PIST3",1965
"NewMexico","PIST3",1966
"NewMexico","PIST3",1967
"NewMexico","PIST3",1968
"NewMexico","PIST3",1969
"NewMexico","PIST3",1970
"NewMexico","PIST3",1971
"NewMexico","PIST3",1972
"NewMexico","PIST3",1973
"NewMexico","PIST3",1974
"NewMexico","PIST3",1975
"NewMexico","PIST3",1976
"NewMexico","PIST3",1977
"NewMexico","PIST3",1978
"NewMexico","PIST3",1979
"NewMexico","PIST3",1980
"NewMexico","PIST3",1981
"NewMexico","PIST3",1982
"NewMexico","PIST3",1983
"NewMexico","PIST3",1984
"NewMexico","PIST3",1985
"NewMexico","PIST3",1986
"NewMexico","PIST3",1987
"NewMexico","PIST3",1988
"NewMexico","PIST3",1989
"NewMexico","PIST3",1990
"NewMexico","PIST3",1991
"NewMexico","PIST3",1992
"NewMexico","PIST3",1993
"Niobara","BEPA",1948
"Niobara","BEPA",1949
"Niobara","BEPA",1950
"Niobara","BEPA",1951
"Niobara","BEPA",1952
"Niobara","BEPA",1953
"Niobara","BEPA",1954
"Niobara","BEPA",1955
"Niobara","BEPA",1956
"Niobara","BEPA",1957
"Niobara","BEPA",1958
"Niobara","BEPA",1959
"Niobara","BEPA",1960
"Niobara","BEPA",1961
"Niobara","BEPA",1962
"Niobara","BEPA",1963
"Niobara","BEPA",1964
"Niobara","BEPA",1965
"Niobara","BEPA",1966
"Niobara","BEPA",1967
"Niobara","BEPA",1968
"Niobara","BEPA",1969
"Niobara","BEPA",1970
"Niobara","BEPA",1971
"Niobara","BEPA",1972
"Niobara","BEPA",1973
"Niobara","BEPA",1974
"Niobara","BEPA",1975
"Niobara","BEPA",1976
"Niobara","BEPA",1977
"Niobara","BEPA",1978
"Niobara","BEPA",1979
"Niobara","BEPA",1980
"Niobara","BEPA",1981
"Niobara","BEPA",1982
"Niobara","BEPA",1983
"Niobara","BEPA",1984
"Niobara","BEPA",1985
"Niobara","BEPA",1986
"Niobara","BEPA",1987
"Niobara","BEPA",1988
"Niobara","BEPA",1989
"Niobara","BEPA",1990
"Niobara","BEPA",1991
"Niobara","BEPA",1992
"Niobara","BEPA",1993
"Niobara","BEPA",1994
"Niobara","BEPA",1995
"Niobara","BEPA",1996
"Niobara","BEPA",1997
"Niobara","BEPA",1998
"Niobara","BEPA",1999
"Niobara","BEPA",2000
"Niobara","BEPA",2001
"Niobara","BEPA",2002
"Niobara","BEPA",2003
"Niobara","BEPA",2004
"Niobara","BEPA",2005
"Niobara","BEPA",2006
"Niobara","BEPA",2007
"Niobara","BEPA",2008
"Niobara","BEPA",2009
"Niobara","BEPA",2010
"Niobara","BEPA",2011
"Niobara","BEPA",2012
"Niobara","BEPA",2013
"Niobara","BEPA",2014
"Niobara","BEPA",2015
"SCBI","CACO",1924
"SCBI","CACO",1925
"SCBI","CACO",1926
"SCBI","CACO",1927
"SCBI","CACO",1928
"SCBI","CACO",1929
"SCBI","CACO",1930
"SCBI","CACO",1931
"SCBI","CACO",1932
"SCBI","CACO",1933
"SCBI","CACO",1934
"SCBI","CACO",1935
"SCBI","CACO",1936
"SCBI","CACO",1937
"SCBI","CACO",1938
"SCBI","CACO",1939
"SCBI","CACO",1940
"SCBI","CACO",1941
"SCBI","CACO",1942
"SCBI","CACO",1943
"SCBI","CACO",1944
"SCBI","CACO",1945
"SCBI","CACO",1946
"SCBI","CACO",1947
"SCBI","CACO",1948
"SCBI","CACO",1949
"SCBI","CACO",1950
"SCBI","CACO",1951
"SCBI","CACO",1952
"SCBI","CACO",1953
"SCBI","CACO",1954
"SCBI","CACO",1955
"SCBI","CACO",1956
"SCBI","CACO",1957
"SCBI","CACO",1958
"SCBI","CACO",1959
"SCBI","CACO",1960
"SCBI","CACO",1961
"SCBI","CACO",1962
"SCBI","CACO",1963
"SCBI","CACO",1964
"SCBI","CACO",1965
"SCBI","CACO",1966
"SCBI","CACO",1967
"SCBI","CACO",1968
"SCBI","CACO",1969
"SCBI","CACO",1970
"SCBI","CACO",1971
"SCBI","CACO",1972
"SCBI","CACO",1973
"SCBI","CACO",1974
"SCBI","CACO",1975
"SCBI","CACO",1976
"SCBI","CACO",1977
"SCBI","CACO",1978
"SCBI","CACO",1979
"SCBI","CACO",1980
"SCBI","CACO",1981
"SCBI","CACO",1982
"SCBI","CACO",1983
"SCBI","CACO",1984
"SCBI","CACO",1985
"SCBI","CACO",1986
"SCBI","CACO",1987
"SCBI","CACO",1988
"SCBI","CACO",1989
"SCBI","CACO",1990
"SCBI","CACO",1991
"SCBI","CACO",1992
"SCBI","CACO",1993
"SCBI","CACO",1994
"SCBI","CACO",1995
"SCBI","CACO",1996
"SCBI","CACO",1997
"SCBI","CACO",1998
"SCBI","CACO",1999
"SCBI","CACO",2000
"SCBI","CACO",2001
"SCBI","CACO",2002
"SCBI","CACO",2003
"SCBI","CACO",2004
"SCBI","CACO",2005
"SCBI","CACO",2006
"SCBI","CACO",2007
"SCBI","CACO",2008
"SCBI","CACO",2009
"SCBI","CACO",2010
"SCBI","CACO",2011
"SCBI","CACO",2012
"SCBI","CACO",2013
"SCBI","CAGL",1924
"SCBI","CAGL",1925
"SCBI","CAGL",1926
"SCBI","CAGL",1927
"SCBI","CAGL",1928
"SCBI","CAGL",1929
"SCBI","CAGL",1930
"SCBI","CAGL",1931
"SCBI","CAGL",1932
"SCBI","CAGL",1933
"SCBI","CAGL",1934
"SCBI","CAGL",1935
"SCBI","CAGL",1936
"SCBI","CAGL",1937
"SCBI","CAGL",1938
"SCBI","CAGL",1939
"SCBI","CAGL",1940
"SCBI","CAGL",1941
"SCBI","CAGL",1942
"SCBI","CAGL",1943
"SCBI","CAGL",1944
"SCBI","CAGL",1945
"SCBI","CAGL",1946
"SCBI","CAGL",1947
"SCBI","CAGL",1948
"SCBI","CAGL",1949
"SCBI","CAGL",1950
"SCBI","CAGL",1951
"SCBI","CAGL",1952
"SCBI","CAGL",1953
"SCBI","CAGL",1954
"SCBI","CAGL",1955
"SCBI","CAGL",1956
"SCBI","CAGL",1957
"SCBI","CAGL",1958
"SCBI","CAGL",1959
"SCBI","CAGL",1960
"SCBI","CAGL",1961
"SCBI","CAGL",1962
"SCBI","CAGL",1963
"SCBI","CAGL",1964
"SCBI","CAGL",1965
"SCBI","CAGL",1966
"SCBI","CAGL",1967
"SCBI","CAGL",1968
"SCBI","CAGL",1969
"SCBI","CAGL",1970
"SCBI","CAGL",1971
"SCBI","CAGL",1972
"SCBI","CAGL",1973
"SCBI","CAGL",1974
"SCBI","CAGL",1975
"SCBI","CAGL",1976
"SCBI","CAGL",1977
"SCBI","CAGL",1978
"SCBI","CAGL",1979
"SCBI","CAGL",1980
"SCBI","CAGL",1981
"SCBI","CAGL",1982
"SCBI","CAGL",1983
"SCBI","CAGL",1984
"SCBI","CAGL",1985
"SCBI","CAGL",1986
"SCBI","CAGL",1987
"SCBI","CAGL",1988
"SCBI","CAGL",1989
"SCBI","CAGL",1990
"SCBI","CAGL",1991
"SCBI","CAGL",1992
"SCBI","CAGL",1993
"SCBI","CAGL",1994
"SCBI","CAGL",1995
"SCBI","CAGL",1996
"SCBI","CAGL",1997
"SCBI","CAGL",1998
"SCBI","CAGL",1999
"SCBI","CAGL",2000
"SCBI","CAGL",2001
"SCBI","CAGL",2002
"SCBI","CAGL",2003
"SCBI","CAGL",2004
"SCBI","CAGL",2005
"SCBI","CAGL",2006
"SCBI","CAGL",2007
"SCBI","CAGL",2008
"SCBI","CAGL",2009
"SCBI","CAOVL",1915
"SCBI","CAOVL",1916
"SCBI","CAOVL",1917
"SCBI","CAOVL",1918
"SCBI","CAOVL",1919
"SCBI","CAOVL",1920
"SCBI","CAOVL",1921
"SCBI","CAOVL",1922
"SCBI","CAOVL",1923
"SCBI","CAOVL",1924
"SCBI","CAOVL",1925
"SCBI","CAOVL",1926
"SCBI","CAOVL",1927
"SCBI","CAOVL",1928
"SCBI","CAOVL",1929
"SCBI","CAOVL",1930
"SCBI","CAOVL",1931
"SCBI","CAOVL",1932
"SCBI","CAOVL",1933
"SCBI","CAOVL",1934
"SCBI","CAOVL",1935
"SCBI","CAOVL",1936
"SCBI","CAOVL",1937
"SCBI","CAOVL",1938
"SCBI","CAOVL",1939
"SCBI","CAOVL",1940
"SCBI","CAOVL",1941
"SCBI","CAOVL",1942
"SCBI","CAOVL",1943
"SCBI","CAOVL",1944
"SCBI","CAOVL",1945
"SCBI","CAOVL",1946
"SCBI","CAOVL",1947
"SCBI","CAOVL",1948
"SCBI","CAOVL",1949
"SCBI","CAOVL",1950
"SCBI","CAOVL",1951
"SCBI","CAOVL",1952
"SCBI","CAOVL",1953
"SCBI","CAOVL",1954
"SCBI","CAOVL",1955
"SCBI","CAOVL",1956
"SCBI","CAOVL",1957
"SCBI","CAOVL",1958
"SCBI","CAOVL",1959
"SCBI","CAOVL",1960
"SCBI","CAOVL",1961
"SCBI","CAOVL",1962
"SCBI","CAOVL",1963
"SCBI","CAOVL",1964
"SCBI","CAOVL",1965
"SCBI","CAOVL",1966
"SCBI","CAOVL",1967
"SCBI","CAOVL",1968
"SCBI","CAOVL",1969
"SCBI","CAOVL",1970
"SCBI","CAOVL",1971
"SCBI","CAOVL",1972
"SCBI","CAOVL",1973
"SCBI","CAOVL",1974
"SCBI","CAOVL",1975
"SCBI","CAOVL",1976
"SCBI","CAOVL",1977
"SCBI","CAOVL",1978
"SCBI","CAOVL",1979
"SCBI","CAOVL",1980
"SCBI","CAOVL",1981
"SCBI","CAOVL",1982
"SCBI","CAOVL",1983
"SCBI","CAOVL",1984
"SCBI","CAOVL",1985
"SCBI","CAOVL",1986
"SCBI","CAOVL",1987
"SCBI","CAOVL",1988
"SCBI","CAOVL",1989
"SCBI","CAOVL",1990
"SCBI","CAOVL",1991
"SCBI","CAOVL",1992
"SCBI","CAOVL",1993
"SCBI","CAOVL",1994
"SCBI","CAOVL",1995
"SCBI","CAOVL",1996
"SCBI","CAOVL",1997
"SCBI","CAOVL",1998
"SCBI","CAOVL",1999
"SCBI","CAOVL",2000
"SCBI","CAOVL",2001
"SCBI","CAOVL",2002
"SCBI","CAOVL",2003
"SCBI","CAOVL",2004
"SCBI","CAOVL",2005
"SCBI","CAOVL",2006
"SCBI","CAOVL",2007
"SCBI","CAOVL",2008
"SCBI","CAOVL",2009
"SCBI","CATO",1919
"SCBI","CATO",1920
"SCBI","CATO",1921
"SCBI","CATO",1922
"SCBI","CATO",1923
"SCBI","CATO",1924
"SCBI","CATO",1925
"SCBI","CATO",1926
"SCBI","CATO",1927
"SCBI","CATO",1928
"SCBI","CATO",1929
"SCBI","CATO",1930
"SCBI","CATO",1931
"SCBI","CATO",1932
"SCBI","CATO",1933
"SCBI","CATO",1934
"SCBI","CATO",1935
"SCBI","CATO",1936
"SCBI","CATO",1937
"SCBI","CATO",1938
"SCBI","CATO",1939
"SCBI","CATO",1940
"SCBI","CATO",1941
"SCBI","CATO",1942
"SCBI","CATO",1943
"SCBI","CATO",1944
"SCBI","CATO",1945
"SCBI","CATO",1946
"SCBI","CATO",1947
"SCBI","CATO",1948
"SCBI","CATO",1949
"SCBI","CATO",1950
"SCBI","CATO",1951
"SCBI","CATO",1952
"SCBI","CATO",1953
"SCBI","CATO",1954
"SCBI","CATO",1955
"SCBI","CATO",1956
"SCBI","CATO",1957
"SCBI","CATO",1958
"SCBI","CATO",1959
"SCBI","CATO",1960
"SCBI","CATO",1961
"SCBI","CATO",1962
"SCBI","CATO",1963
"SCBI","CATO",1964
"SCBI","CATO",1965
"SCBI","CATO",1966
"SCBI","CATO",1967
"SCBI","CATO",1968
"SCBI","CATO",1969
"SCBI","CATO",1970
"SCBI","CATO",1971
"SCBI","CATO",1972
"SCBI","CATO",1973
"SCBI","CATO",1974
"SCBI","CATO",1975
"SCBI","CATO",1976
"SCBI","CATO",1977
"SCBI","CATO",1978
"SCBI","CATO",1979
"SCBI","CATO",1980
"SCBI","CATO",1981
"SCBI","CATO",1982
"SCBI","CATO",1983
"SCBI","CATO",1984
"SCBI","CATO",1985
"SCBI","CATO",1986
"SCBI","CATO",1987
"SCBI","CATO",1988
"SCBI","CATO",1989
"SCBI","CATO",1990
"SCBI","CATO",1991
"SCBI","CATO",1992
"SCBI","CATO",1993
"SCBI","CATO",1994
"SCBI","CATO",1995
"SCBI","CATO",1996
"SCBI","FAGR",1946
"SCBI","FAGR",1947
"SCBI","FAGR",1948
"SCBI","FAGR",1949
"SCBI","FAGR",1950
"SCBI","FAGR",1951
"SCBI","FAGR",1952
"SCBI","FAGR",1953
"SCBI","FAGR",1954
"SCBI","FAGR",1955
"SCBI","FAGR",1956
"SCBI","FAGR",1957
"SCBI","FAGR",1958
"SCBI","FAGR",1959
"SCBI","FAGR",1960
"SCBI","FAGR",1961
"SCBI","FAGR",1962
"SCBI","FAGR",1963
"SCBI","FAGR",1964
"SCBI","FAGR",1965
"SCBI","FAGR",1966
"SCBI","FAGR",1967
"SCBI","FAGR",1968
"SCBI","FAGR",1969
"SCBI","FAGR",1970
"SCBI","FAGR",1971
"SCBI","FAGR",1972
"SCBI","FAGR",1973
"SCBI","FAGR",1974
"SCBI","FAGR",1975
"SCBI","FAGR",1976
"SCBI","FAGR",1977
"SCBI","FAGR",1978
"SCBI","FAGR",1979
"SCBI","FAGR",1980
"SCBI","FAGR",1981
"SCBI","FAGR",1982
"SCBI","FAGR",1983
"SCBI","FAGR",1984
"SCBI","FAGR",1985
"SCBI","FAGR",1986
"SCBI","FAGR",1987
"SCBI","FAGR",1988
"SCBI","FAGR",1989
"SCBI","FAGR",1990
"SCBI","FAGR",1991
"SCBI","FAGR",1992
"SCBI","FAGR",1993
"SCBI","FAGR",1994
"SCBI","FAGR",1995
"SCBI","FAGR",1996
"SCBI","FAGR",1997
"SCBI","FAGR",1998
"SCBI","FAGR",1999
"SCBI","FAGR",2000
"SCBI","FAGR",2001
"SCBI","FAGR",2002
"SCBI","FAGR",2003
"SCBI","FAGR",2004
"SCBI","FAGR",2005
"SCBI","FAGR",2006
"SCBI","FAGR",2007
"SCBI","FAGR",2008
"SCBI","FAGR",2009
"SCBI","FRAM",1903
"SCBI","FRAM",1904
"SCBI","FRAM",1905
"SCBI","FRAM",1906
"SCBI","FRAM",1907
"SCBI","FRAM",1908
"SCBI","FRAM",1909
"SCBI","FRAM",1910
"SCBI","FRAM",1911
"SCBI","FRAM",1912
"SCBI","FRAM",1913
"SCBI","FRAM",1914
"SCBI","FRAM",1915
"SCBI","FRAM",1916
"SCBI","FRAM",1917
"SCBI","FRAM",1918
"SCBI","FRAM",1919
"SCBI","FRAM",1920
"SCBI","FRAM",1921
"SCBI","FRAM",1922
"SCBI","FRAM",1923
"SCBI","FRAM",1924
"SCBI","FRAM",1925
"SCBI","FRAM",1926
"SCBI","FRAM",1927
"SCBI","FRAM",1928
"SCBI","FRAM",1929
"SCBI","FRAM",1930
"SCBI","FRAM",1931
"SCBI","FRAM",1932
"SCBI","FRAM",1933
"SCBI","FRAM",1934
"SCBI","FRAM",1935
"SCBI","FRAM",1936
"SCBI","FRAM",1937
"SCBI","FRAM",1938
"SCBI","FRAM",1939
"SCBI","FRAM",1940
"SCBI","FRAM",1941
"SCBI","FRAM",1942
"SCBI","FRAM",1943
"SCBI","FRAM",1944
"SCBI","FRAM",1945
"SCBI","FRAM",1946
"SCBI","FRAM",1947
"SCBI","FRAM",1948
"SCBI","FRAM",1949
"SCBI","FRAM",1950
"SCBI","FRAM",1951
"SCBI","FRAM",1952
"SCBI","FRAM",1953
"SCBI","FRAM",1954
"SCBI","FRAM",1955
"SCBI","FRAM",1956
"SCBI","FRAM",1957
"SCBI","FRAM",1958
"SCBI","FRAM",1959
"SCBI","FRAM",1960
"SCBI","FRAM",1961
"SCBI","FRAM",1962
"SCBI","FRAM",1963
"SCBI","FRAM",1964
"SCBI","FRAM",1965
"SCBI","FRAM",1966
"SCBI","FRAM",1967
"SCBI","FRAM",1968
"SCBI","FRAM",1969
"SCBI","FRAM",1970
"SCBI","FRAM",1971
"SCBI","FRAM",1972
"SCBI","FRAM",1973
"SCBI","FRAM",1974
"SCBI","FRAM",1975
"SCBI","FRAM",1976
"SCBI","FRAM",1977
"SCBI","FRAM",1978
"SCBI","FRAM",1979
"SCBI","FRAM",1980
"SCBI","FRAM",1981
"SCBI","FRAM",1982
"SCBI","FRAM",1983
"SCBI","FRAM",1984
"SCBI","FRAM",1985
"SCBI","FRAM",1986
"SCBI","FRAM",1987
"SCBI","FRAM",1988
"SCBI","FRAM",1989
"SCBI","FRAM",1990
"SCBI","FRAM",1991
"SCBI","FRAM",1992
"SCBI","FRAM",1993
"SCBI","FRAM",1994
"SCBI","FRAM",1995
"SCBI","FRAM",1996
"SCBI","FRAM",1997
"SCBI","FRAM",1998
"SCBI","FRAM",1999
"SCBI","FRAM",2000
"SCBI","FRAM",2001
"SCBI","FRAM",2002
"SCBI","FRAM",2003
"SCBI","FRAM",2004
"SCBI","FRAM",2005
"SCBI","FRAM",2006
"SCBI","FRAM",2007
"SCBI","FRAM",2008
"SCBI","FRAM",2009
"SCBI","FRNI",1905
"SCBI","FRNI",1906
"SCBI","FRNI",1907
"SCBI","FRNI",1908
"SCBI","FRNI",1909
"SCBI","FRNI",1910
"SCBI","FRNI",1911
"SCBI","FRNI",1916
"SCBI","FRNI",1917
"SCBI","FRNI",1918
"SCBI","FRNI",1919
"SCBI","FRNI",1920
"SCBI","FRNI",1921
"SCBI","FRNI",1922
"SCBI","FRNI",1923
"SCBI","FRNI",1924
"SCBI","FRNI",1925
"SCBI","FRNI",1926
"SCBI","FRNI",1927
"SCBI","FRNI",1928
"SCBI","FRNI",1929
"SCBI","FRNI",1930
"SCBI","FRNI",1931
"SCBI","FRNI",1932
"SCBI","FRNI",1933
"SCBI","FRNI",1934
"SCBI","FRNI",1935
"SCBI","FRNI",1936
"SCBI","FRNI",1937
"SCBI","FRNI",1942
"SCBI","FRNI",1943
"SCBI","FRNI",1944
"SCBI","FRNI",1945
"SCBI","FRNI",1946
"SCBI","FRNI",1947
"SCBI","FRNI",1948
"SCBI","FRNI",1949
"SCBI","FRNI",1950
"SCBI","FRNI",1951
"SCBI","FRNI",1952
"SCBI","FRNI",1953
"SCBI","FRNI",1954
"SCBI","FRNI",1955
"SCBI","FRNI",1956
"SCBI","FRNI",1957
"SCBI","FRNI",1958
"SCBI","FRNI",1959
"SCBI","FRNI",1960
"SCBI","FRNI",1961
"SCBI","FRNI",1962
"SCBI","FRNI",1963
"SCBI","FRNI",1964
"SCBI","FRNI",1965
"SCBI","FRNI",1966
"SCBI","FRNI",1967
"SCBI","FRNI",1968
"SCBI","FRNI",1969
"SCBI","FRNI",1970
"SCBI","FRNI",1971
"SCBI","FRNI",1972
"SCBI","FRNI",1973
"SCBI","FRNI",1974
"SCBI","FRNI",1975
"SCBI","FRNI",1976
"SCBI","FRNI",1977
"SCBI","FRNI",1978
"SCBI","FRNI",1979
"SCBI","FRNI",1980
"SCBI","FRNI",1981
"SCBI","FRNI",1982
"SCBI","FRNI",1983
"SCBI","FRNI",1984
"SCBI","FRNI",1985
"SCBI","FRNI",1986
"SCBI","FRNI",1987
"SCBI","FRNI",1988
"SCBI","FRNI",1989
"SCBI","FRNI",1990
"SCBI","FRNI",1991
"SCBI","FRNI",1992
"SCBI","FRNI",1993
"SCBI","FRNI",1994
"SCBI","FRNI",1995
"SCBI","FRNI",1996
"SCBI","JUNI",1903
"SCBI","JUNI",1904
"SCBI","JUNI",1905
"SCBI","JUNI",1906
"SCBI","JUNI",1907
"SCBI","JUNI",1908
"SCBI","JUNI",1909
"SCBI","JUNI",1910
"SCBI","JUNI",1911
"SCBI","JUNI",1912
"SCBI","JUNI",1913
"SCBI","JUNI",1914
"SCBI","JUNI",1915
"SCBI","JUNI",1916
"SCBI","JUNI",1917
"SCBI","JUNI",1918
"SCBI","JUNI",1919
"SCBI","JUNI",1920
"SCBI","JUNI",1921
"SCBI","JUNI",1922
"SCBI","JUNI",1923
"SCBI","JUNI",1924
"SCBI","JUNI",1925
"SCBI","JUNI",1926
"SCBI","JUNI",1927
"SCBI","JUNI",1928
"SCBI","JUNI",1929
"SCBI","JUNI",1930
"SCBI","JUNI",1931
"SCBI","JUNI",1932
"SCBI","JUNI",1933
"SCBI","JUNI",1934
"SCBI","JUNI",1935
"SCBI","JUNI",1936
"SCBI","JUNI",1937
"SCBI","JUNI",1938
"SCBI","JUNI",1939
"SCBI","JUNI",1940
"SCBI","JUNI",1941
"SCBI","JUNI",1942
"SCBI","JUNI",1943
"SCBI","JUNI",1944
"SCBI","JUNI",1945
"SCBI","JUNI",1946
"SCBI","JUNI",1947
"SCBI","JUNI",1948
"SCBI","JUNI",1949
"SCBI","JUNI",1950
"SCBI","JUNI",1951
"SCBI","JUNI",1952
"SCBI","JUNI",1953
"SCBI","JUNI",1954
"SCBI","JUNI",1955
"SCBI","JUNI",1956
"SCBI","JUNI",1957
"SCBI","JUNI",1958
"SCBI","JUNI",1959
"SCBI","JUNI",1960
"SCBI","JUNI",1961
"SCBI","JUNI",1962
"SCBI","JUNI",1963
"SCBI","JUNI",1964
"SCBI","JUNI",1965
"SCBI","JUNI",1966
"SCBI","JUNI",1967
"SCBI","JUNI",1968
"SCBI","JUNI",1969
"SCBI","JUNI",1970
"SCBI","JUNI",1971
"SCBI","JUNI",1972
"SCBI","JUNI",1973
"SCBI","JUNI",1974
"SCBI","JUNI",1975
"SCBI","JUNI",1976
"SCBI","JUNI",1977
"SCBI","JUNI",1978
"SCBI","JUNI",1979
"SCBI","JUNI",1980
"SCBI","JUNI",1981
"SCBI","JUNI",1982
"SCBI","JUNI",1983
"SCBI","JUNI",1984
"SCBI","JUNI",1985
"SCBI","JUNI",1986
"SCBI","JUNI",1987
"SCBI","JUNI",1988
"SCBI","JUNI",1989
"SCBI","JUNI",1990
"SCBI","JUNI",1991
"SCBI","JUNI",1992
"SCBI","JUNI",1993
"SCBI","JUNI",1994
"SCBI","JUNI",1995
"SCBI","JUNI",1996
"SCBI","JUNI",1997
"SCBI","JUNI",1998
"SCBI","JUNI",1999
"SCBI","JUNI",2000
"SCBI","JUNI",2001
"SCBI","JUNI",2002
"SCBI","JUNI",2003
"SCBI","JUNI",2004
"SCBI","JUNI",2005
"SCBI","JUNI",2006
"SCBI","JUNI",2007
"SCBI","JUNI",2008
"SCBI","JUNI",2009
"SCBI","LITU",1923
"SCBI","LITU",1924
"SCBI","LITU",1925
"SCBI","LITU",1926
"SCBI","LITU",1927
"SCBI","LITU",1928
"SCBI","LITU",1929
"SCBI","LITU",1930
"SCBI","LITU",1931
"SCBI","LITU",1932
"SCBI","LITU",1933
"SCBI","LITU",1934
"SCBI","LITU",1935
"SCBI","LITU",1936
"SCBI","LITU",1937
"SCBI","LITU",1938
"SCBI","LITU",1939
"SCBI","LITU",1940
"SCBI","LITU",1941
"SCBI","LITU",1942
"SCBI","LITU",1943
"SCBI","LITU",1944
"SCBI","LITU",1945
"SCBI","LITU",1946
"SCBI","LITU",1947
"SCBI","LITU",1948
"SCBI","LITU",1949
"SCBI","LITU",1950
"SCBI","LITU",1951
"SCBI","LITU",1952
"SCBI","LITU",1953
"SCBI","LITU",1954
"SCBI","LITU",1955
"SCBI","LITU",1956
"SCBI","LITU",1957
"SCBI","LITU",1958
"SCBI","LITU",1959
"SCBI","LITU",1960
"SCBI","LITU",1961
"SCBI","LITU",1962
"SCBI","LITU",1963
"SCBI","LITU",1964
"SCBI","LITU",1965
"SCBI","LITU",1966
"SCBI","LITU",1967
"SCBI","LITU",1968
"SCBI","LITU",1969
"SCBI","LITU",1970
"SCBI","LITU",1971
"SCBI","LITU",1972
"SCBI","LITU",1973
"SCBI","LITU",1974
"SCBI","LITU",1975
"SCBI","LITU",1976
"SCBI","LITU",1977
"SCBI","LITU",1978
"SCBI","LITU",1979
"SCBI","LITU",1980
"SCBI","LITU",1981
"SCBI","LITU",1982
"SCBI","LITU",1983
"SCBI","LITU",1984
"SCBI","LITU",1985
"SCBI","LITU",1986
"SCBI","LITU",1987
"SCBI","LITU",1988
"SCBI","LITU",1989
"SCBI","LITU",1990
"SCBI","LITU",1991
"SCBI","LITU",1992
"SCBI","LITU",1993
"SCBI","LITU",1994
"SCBI","LITU",1995
"SCBI","LITU",1996
"SCBI","LITU",1997
"SCBI","LITU",1998
"SCBI","LITU",1999
"SCBI","LITU",2000
"SCBI","LITU",2001
"SCBI","LITU",2002
"SCBI","LITU",2003
"SCBI","LITU",2004
"SCBI","LITU",2005
"SCBI","LITU",2006
"SCBI","LITU",2007
"SCBI","LITU",2008
"SCBI","LITU",2009
"SCBI","QUAL",1903
"SCBI","QUAL",1904
"SCBI","QUAL",1905
"SCBI","QUAL",1906
"SCBI","QUAL",1907
"SCBI","QUAL",1908
"SCBI","QUAL",1909
"SCBI","QUAL",1910
"SCBI","QUAL",1911
"SCBI","QUAL",1912
"SCBI","QUAL",1913
"SCBI","QUAL",1914
"SCBI","QUAL",1915
"SCBI","QUAL",1916
"SCBI","QUAL",1917
"SCBI","QUAL",1918
"SCBI","QUAL",1919
"SCBI","QUAL",1920
"SCBI","QUAL",1921
"SCBI","QUAL",1922
"SCBI","QUAL",1923
"SCBI","QUAL",1924
"SCBI","QUAL",1925
"SCBI","QUAL",1926
"SCBI","QUAL",1927
"SCBI","QUAL",1928
"SCBI","QUAL",1929
"SCBI","QUAL",1930
"SCBI","QUAL",1931
"SCBI","QUAL",1932
"SCBI","QUAL",1933
"SCBI","QUAL",1934
"SCBI","QUAL",1935
"SCBI","QUAL",1936
"SCBI","QUAL",1937
"SCBI","QUAL",1938
"SCBI","QUAL",1939
"SCBI","QUAL",1940
"SCBI","QUAL",1941
"SCBI","QUAL",1942
"SCBI","QUAL",1943
"SCBI","QUAL",1944
"SCBI","QUAL",1945
"SCBI","QUAL",1946
"SCBI","QUAL",1947
"SCBI","QUAL",1948
"SCBI","QUAL",1949
"SCBI","QUAL",1950
"SCBI","QUAL",1951
"SCBI","QUAL",1952
"SCBI","QUAL",1953
"SCBI","QUAL",1954
"SCBI","QUAL",1955
"SCBI","QUAL",1956
"SCBI","QUAL",1957
"SCBI","QUAL",1958
"SCBI","QUAL",1959
"SCBI","QUAL",1960
"SCBI","QUAL",1961
"SCBI","QUAL",1962
"SCBI","QUAL",1963
"SCBI","QUAL",1964
"SCBI","QUAL",1965
"SCBI","QUAL",1966
"SCBI","QUAL",1967
"SCBI","QUAL",1968
"SCBI","QUAL",1969
"SCBI","QUAL",1970
"SCBI","QUAL",1971
"SCBI","QUAL",1972
"SCBI","QUAL",1973
"SCBI","QUAL",1974
"SCBI","QUAL",1975
"SCBI","QUAL",1976
"SCBI","QUAL",1977
"SCBI","QUAL",1978
"SCBI","QUAL",1979
"SCBI","QUAL",1980
"SCBI","QUAL",1981
"SCBI","QUAL",1982
"SCBI","QUAL",1983
"SCBI","QUAL",1984
"SCBI","QUAL",1985
"SCBI","QUAL",1986
"SCBI","QUAL",1987
"SCBI","QUAL",1988
"SCBI","QUAL",1989
"SCBI","QUAL",1990
"SCBI","QUAL",1991
"SCBI","QUAL",1992
"SCBI","QUAL",1993
"SCBI","QUAL",1994
"SCBI","QUAL",1995
"SCBI","QUAL",1996
"SCBI","QUAL",1997
"SCBI","QUAL",1998
"SCBI","QUAL",1999
"SCBI","QUAL",2000
"SCBI","QUAL",2001
"SCBI","QUAL",2002
"SCBI","QUAL",2003
"SCBI","QUAL",2004
"SCBI","QUAL",2005
"SCBI","QUAL",2006
"SCBI","QUAL",2007
"SCBI","QUAL",2008
"SCBI","QUAL",2009
"SCBI","QUMO",1903
"SCBI","QUMO",1904
"SCBI","QUMO",1905
"SCBI","QUMO",1906
"SCBI","QUMO",1907
"SCBI","QUMO",1908
"SCBI","QUMO",1909
"SCBI","QUMO",1910
"SCBI","QUMO",1911
"SCBI","QUMO",1912
"SCBI","QUMO",1913
"SCBI","QUMO",1914
"SCBI","QUMO",1915
"SCBI","QUMO",1916
"SCBI","QUMO",1917
"SCBI","QUMO",1918
"SCBI","QUMO",1919
"SCBI","QUMO",1920
"SCBI","QUMO",1921
"SCBI","QUMO",1922
"SCBI","QUMO",1923
"SCBI","QUMO",1924
"SCBI","QUMO",1925
"SCBI","QUMO",1926
"SCBI","QUMO",1927
"SCBI","QUMO",1928
"SCBI","QUMO",1929
"SCBI","QUMO",1930
"SCBI","QUMO",1931
"SCBI","QUMO",1932
"SCBI","QUMO",1933
"SCBI","QUMO",1934
"SCBI","QUMO",1935
"SCBI","QUMO",1936
"SCBI","QUMO",1937
"SCBI","QUMO",1938
"SCBI","QUMO",1939
"SCBI","QUMO",1940
"SCBI","QUMO",1941
"SCBI","QUMO",1942
"SCBI","QUMO",1943
"SCBI","QUMO",1944
"SCBI","QUMO",1945
"SCBI","QUMO",1946
"SCBI","QUMO",1947
"SCBI","QUMO",1948
"SCBI","QUMO",1949
"SCBI","QUMO",1950
"SCBI","QUMO",1951
"SCBI","QUMO",1952
"SCBI","QUMO",1953
"SCBI","QUMO",1954
"SCBI","QUMO",1955
"SCBI","QUMO",1956
"SCBI","QUMO",1957
"SCBI","QUMO",1958
"SCBI","QUMO",1959
"SCBI","QUMO",1960
"SCBI","QUMO",1961
"SCBI","QUMO",1962
"SCBI","QUMO",1963
"SCBI","QUMO",1964
"SCBI","QUMO",1965
"SCBI","QUMO",1966
"SCBI","QUMO",1967
"SCBI","QUMO",1968
"SCBI","QUMO",1969
"SCBI","QUMO",1970
"SCBI","QUMO",1971
"SCBI","QUMO",1972
"SCBI","QUMO",1973
"SCBI","QUMO",1974
"SCBI","QUMO",1975
"SCBI","QUMO",1976
"SCBI","QUMO",1977
"SCBI","QUMO",1978
"SCBI","QUMO",1979
"SCBI","QUMO",1980
"SCBI","QUMO",1981
"SCBI","QUMO",1982
"SCBI","QUMO",1983
"SCBI","QUMO",1984
"SCBI","QUMO",1985
"SCBI","QUMO",1986
"SCBI","QUMO",1987
"SCBI","QUMO",1988
"SCBI","QUMO",1989
"SCBI","QUMO",1990
"SCBI","QUMO",1991
"SCBI","QUMO",1992
"SCBI","QUMO",1993
"SCBI","QUMO",1994
"SCBI","QUMO",1995
"SCBI","QUMO",1996
"SCBI","QUMO",1997
"SCBI","QUMO",1998
"SCBI","QUMO",1999
"SCBI","QUMO",2000
"SCBI","QUMO",2001
"SCBI","QUMO",2002
"SCBI","QUMO",2003
"SCBI","QUMO",2004
"SCBI","QUMO",2005
"SCBI","QUMO",2006
"SCBI","QUMO",2007
"SCBI","QUMO",2008
"SCBI","QUMO",2009
"SCBI","QUMO",2010
"SCBI","QURU",1927
"SCBI","QURU",1928
"SCBI","QURU",1929
"SCBI","QURU",1930
"SCBI","QURU",1931
"SCBI","QURU",1932
"SCBI","QURU",1933
"SCBI","QURU",1934
"SCBI","QURU",1935
"SCBI","QURU",1936
"SCBI","QURU",1937
"SCBI","QURU",1938
"SCBI","QURU",1939
"SCBI","QURU",1940
"SCBI","QURU",1941
"SCBI","QURU",1942
"SCBI","QURU",1943
"SCBI","QURU",1944
"SCBI","QURU",1945
"SCBI","QURU",1946
"SCBI","QURU",1947
"SCBI","QURU",1948
"SCBI","QURU",1949
"SCBI","QURU",1950
"SCBI","QURU",1951
"SCBI","QURU",1952
"SCBI","QURU",1953
"SCBI","QURU",1954
"SCBI","QURU",1955
"SCBI","QURU",1956
"SCBI","QURU",1957
"SCBI","QURU",1958
"SCBI","QURU",1959
"SCBI","QURU",1960
"SCBI","QURU",1961
"SCBI","QURU",1962
"SCBI","QURU",1963
"SCBI","QURU",1964
"SCBI","QURU",1965
"SCBI","QURU",1966
"SCBI","QURU",1967
"SCBI","QURU",1968
"SCBI","QURU",1969
"SCBI","QURU",1970
"SCBI","QURU",1971
"SCBI","QURU",1972
"SCBI","QURU",1973
"SCBI","QURU",1974
"SCBI","QURU",1975
"SCBI","QURU",1976
"SCBI","QURU",1977
"SCBI","QURU",1978
"SCBI","QURU",1979
"SCBI","QURU",1980
"SCBI","QURU",1981
"SCBI","QURU",1982
"SCBI","QURU",1983
"SCBI","QURU",1984
"SCBI","QURU",1985
"SCBI","QURU",1986
"SCBI","QURU",1987
"SCBI","QURU",1988
"SCBI","QURU",1989
"SCBI","QURU",1990
"SCBI","QURU",1991
"SCBI","QURU",1992
"SCBI","QURU",1993
"SCBI","QURU",1994
"SCBI","QURU",1995
"SCBI","QURU",1996
"SCBI","QURU",1997
"SCBI","QURU",1998
"SCBI","QURU",1999
"SCBI","QURU",2000
"SCBI","QURU",2001
"SCBI","QURU",2002
"SCBI","QURU",2003
"SCBI","QURU",2004
"SCBI","QURU",2005
"SCBI","QURU",2006
"SCBI","QURU",2007
"SCBI","QURU",2008
"SCBI","QURU",2009
"SCBI","QURU",2010
"SCBI","QUVE",1909
"SCBI","QUVE",1910
"SCBI","QUVE",1911
"SCBI","QUVE",1913
"SCBI","QUVE",1914
"SCBI","QUVE",1915
"SCBI","QUVE",1916
"SCBI","QUVE",1917
"SCBI","QUVE",1918
"SCBI","QUVE",1919
"SCBI","QUVE",1920
"SCBI","QUVE",1921
"SCBI","QUVE",1922
"SCBI","QUVE",1923
"SCBI","QUVE",1924
"SCBI","QUVE",1925
"SCBI","QUVE",1926
"SCBI","QUVE",1927
"SCBI","QUVE",1928
"SCBI","QUVE",1929
"SCBI","QUVE",1930
"SCBI","QUVE",1931
"SCBI","QUVE",1932
"SCBI","QUVE",1933
"SCBI","QUVE",1934
"SCBI","QUVE",1935
"SCBI","QUVE",1936
"SCBI","QUVE",1937
"SCBI","QUVE",1938
"SCBI","QUVE",1939
"SCBI","QUVE",1940
"SCBI","QUVE",1941
"SCBI","QUVE",1942
"SCBI","QUVE",1943
"SCBI","QUVE",1944
"SCBI","QUVE",1945
"SCBI","QUVE",1946
"SCBI","QUVE",1947
"SCBI","QUVE",1948
"SCBI","QUVE",1949
"SCBI","QUVE",1950
"SCBI","QUVE",1951
"SCBI","QUVE",1952
"SCBI","QUVE",1953
"SCBI","QUVE",1954
"SCBI","QUVE",1955
"SCBI","QUVE",1956
"SCBI","QUVE",1957
"SCBI","QUVE",1958
"SCBI","QUVE",1959
"SCBI","QUVE",1960
"SCBI","QUVE",1961
"SCBI","QUVE",1962
"SCBI","QUVE",1963
"SCBI","QUVE",1964
"SCBI","QUVE",1965
"SCBI","QUVE",1966
"SCBI","QUVE",1967
"SCBI","QUVE",1968
"SCBI","QUVE",1969
"SCBI","QUVE",1970
"SCBI","QUVE",1971
"SCBI","QUVE",1972
"SCBI","QUVE",1973
"SCBI","QUVE",1974
"SCBI","QUVE",1975
"SCBI","QUVE",1976
"SCBI","QUVE",1977
"SCBI","QUVE",1978
"SCBI","QUVE",1979
"SCBI","QUVE",1980
"SCBI","QUVE",1981
"SCBI","QUVE",1982
"SCBI","QUVE",1983
"SCBI","QUVE",1984
"SCBI","QUVE",1985
"SCBI","QUVE",1986
"SCBI","QUVE",1987
"SCBI","QUVE",1988
"SCBI","QUVE",1989
"SCBI","QUVE",1990
"SCBI","QUVE",1991
"SCBI","QUVE",1992
"SCBI","QUVE",1993
"SCBI","QUVE",1994
"SCBI","QUVE",1995
"SCBI","QUVE",1996
"SCBI","QUVE",1997
"SCBI","QUVE",1998
"SCBI","QUVE",1999
"SCBI","QUVE",2000
"SCBI","QUVE",2001
"SCBI","QUVE",2002
"SCBI","QUVE",2003
"SCBI","QUVE",2004
"SCBI","QUVE",2005
"SCBI","QUVE",2006
"SCBI","QUVE",2007
"SCBI","QUVE",2008
"SCBI","QUVE",2009
"ScottyCreek","PIMA",1903
"ScottyCreek","PIMA",1904
"ScottyCreek","PIMA",1905
"ScottyCreek","PIMA",1906
"ScottyCreek","PIMA",1907
"ScottyCreek","PIMA",1908
"ScottyCreek","PIMA",1909
"ScottyCreek","PIMA",1910
"ScottyCreek","PIMA",1911
"ScottyCreek","PIMA",1912
"ScottyCreek","PIMA",1913
"ScottyCreek","PIMA",1914
"ScottyCreek","PIMA",1915
"ScottyCreek","PIMA",1916
"ScottyCreek","PIMA",1917
"ScottyCreek","PIMA",1918
"ScottyCreek","PIMA",1919
"ScottyCreek","PIMA",1920
"ScottyCreek","PIMA",1921
"ScottyCreek","PIMA",1922
"ScottyCreek","PIMA",1923
"ScottyCreek","PIMA",1924
"ScottyCreek","PIMA",1925
"ScottyCreek","PIMA",1926
"ScottyCreek","PIMA",1927
"ScottyCreek","PIMA",1928
"ScottyCreek","PIMA",1929
"ScottyCreek","PIMA",1930
"ScottyCreek","PIMA",1931
"ScottyCreek","PIMA",1932
"ScottyCreek","PIMA",1933
"ScottyCreek","PIMA",1934
"ScottyCreek","PIMA",1935
"ScottyCreek","PIMA",1936
"ScottyCreek","PIMA",1937
"ScottyCreek","PIMA",1938
"ScottyCreek","PIMA",1939
"ScottyCreek","PIMA",1940
"ScottyCreek","PIMA",1941
"ScottyCreek","PIMA",1942
"ScottyCreek","PIMA",1943
"ScottyCreek","PIMA",1944
"ScottyCreek","PIMA",1945
"ScottyCreek","PIMA",1946
"ScottyCreek","PIMA",1947
"ScottyCreek","PIMA",1948
"ScottyCreek","PIMA",1949
"ScottyCreek","PIMA",1950
"ScottyCreek","PIMA",1951
"ScottyCreek","PIMA",1952
"ScottyCreek","PIMA",1953
"ScottyCreek","PIMA",1954
"ScottyCreek","PIMA",1955
"ScottyCreek","PIMA",1956
"ScottyCreek","PIMA",1957
"ScottyCreek","PIMA",1958
"ScottyCreek","PIMA",1959
"ScottyCreek","PIMA",1960
"ScottyCreek","PIMA",1961
"ScottyCreek","PIMA",1962
"ScottyCreek","PIMA",1963
"ScottyCreek","PIMA",1964
"ScottyCreek","PIMA",1965
"ScottyCreek","PIMA",1966
"ScottyCreek","PIMA",1967
"ScottyCreek","PIMA",1968
"ScottyCreek","PIMA",1969
"ScottyCreek","PIMA",1970
"ScottyCreek","PIMA",1971
"ScottyCreek","PIMA",1972
"ScottyCreek","PIMA",1973
"ScottyCreek","PIMA",1974
"ScottyCreek","PIMA",1975
"ScottyCreek","PIMA",1976
"ScottyCreek","PIMA",1977
"ScottyCreek","PIMA",1978
"ScottyCreek","PIMA",1979
"ScottyCreek","PIMA",1980
"ScottyCreek","PIMA",1981
"ScottyCreek","PIMA",1982
"ScottyCreek","PIMA",1983
"ScottyCreek","PIMA",1984
"ScottyCreek","PIMA",1985
"ScottyCreek","PIMA",1986
"ScottyCreek","PIMA",1987
"ScottyCreek","PIMA",1988
"ScottyCreek","PIMA",1989
"ScottyCreek","PIMA",1990
"ScottyCreek","PIMA",1991
"ScottyCreek","PIMA",1992
"ScottyCreek","PIMA",1993
"ScottyCreek","PIMA",1994
"ScottyCreek","PIMA",1995
"ScottyCreek","PIMA",1996
"ScottyCreek","PIMA",1997
"ScottyCreek","PIMA",1998
"ScottyCreek","PIMA",1999
"ScottyCreek","PIMA",2000
"ScottyCreek","PIMA",2001
"ScottyCreek","PIMA",2002
"ScottyCreek","PIMA",2003
"ScottyCreek","PIMA",2004
"ScottyCreek","PIMA",2005
"ScottyCreek","PIMA",2006
"ScottyCreek","PIMA",2007
"ScottyCreek","PIMA",2008
"ScottyCreek","PIMA",2009
"ScottyCreek","PIMA",2010
"ScottyCreek","PIMA",2011
"ScottyCreek","PIMA",2012
"ScottyCreek","PIMA",2013
"Zofin","ABAL",1903
"Zofin","ABAL",1904
"Zofin","ABAL",1905
"Zofin","ABAL",1906
"Zofin","ABAL",1907
"Zofin","ABAL",1908
"Zofin","ABAL",1909
"Zofin","ABAL",1910
"Zofin","ABAL",1911
"Zofin","ABAL",1912
"Zofin","ABAL",1913
"Zofin","ABAL",1914
"Zofin","ABAL",1915
"Zofin","ABAL",1916
"Zofin","ABAL",1917
"Zofin","ABAL",1918
"Zofin","ABAL",1919
"Zofin","ABAL",1920
"Zofin","ABAL",1921
"Zofin","ABAL",1922
"Zofin","ABAL",1923
"Zofin","ABAL",1924
"Zofin","ABAL",1925
"Zofin","ABAL",1926
"Zofin","ABAL",1927
"Zofin","ABAL",1928
"Zofin","ABAL",1929
"Zofin","ABAL",1930
"Zofin","ABAL",1931
"Zofin","ABAL",1932
"Zofin","ABAL",1933
"Zofin","ABAL",1934
"Zofin","ABAL",1935
"Zofin","ABAL",1936
"Zofin","ABAL",1937
"Zofin","ABAL",1938
"Zofin","ABAL",1939
"Zofin","ABAL",1940
"Zofin","ABAL",1941
"Zofin","ABAL",1942
"Zofin","ABAL",1943
"Zofin","ABAL",1944
"Zofin","ABAL",1945
"Zofin","ABAL",1946
"Zofin","ABAL",1947
"Zofin","ABAL",1948
"Zofin","ABAL",1949
"Zofin","ABAL",1950
"Zofin","ABAL",1951
"Zofin","ABAL",1952
"Zofin","ABAL",1953
"Zofin","ABAL",1954
"Zofin","ABAL",1955
"Zofin","ABAL",1956
"Zofin","ABAL",1957
"Zofin","ABAL",1958
"Zofin","ABAL",1959
"Zofin","ABAL",1960
"Zofin","ABAL",1961
"Zofin","ABAL",1962
"Zofin","ABAL",1963
"Zofin","ABAL",1964
"Zofin","ABAL",1965
"Zofin","ABAL",1966
"Zofin","ABAL",1967
"Zofin","ABAL",1968
"Zofin","ABAL",1969
"Zofin","ABAL",1970
"Zofin","ABAL",1971
"Zofin","ABAL",1972
"Zofin","ABAL",1973
"Zofin","ABAL",1974
"Zofin","ABAL",1975
"Zofin","ABAL",1976
"Zofin","ABAL",1977
"Zofin","ABAL",1978
"Zofin","ABAL",1979
"Zofin","ABAL",1980
"Zofin","ABAL",1981
"Zofin","ABAL",1982
"Zofin","ABAL",1983
"Zofin","ABAL",1984
"Zofin","ABAL",1985
"Zofin","ABAL",1986
"Zofin","ABAL",1987
"Zofin","ABAL",1988
"Zofin","ABAL",1989
"Zofin","ABAL",1990
"Zofin","ABAL",1991
"Zofin","ABAL",1992
"Zofin","ABAL",1993
"Zofin","ABAL",1994
"Zofin","ABAL",1995
"Zofin","ABAL",1996
"Zofin","ABAL",1997
"Zofin","ABAL",1998
"Zofin","ABAL",1999
"Zofin","ABAL",2000
"Zofin","ABAL",2001
"Zofin","ABAL",2002
"Zofin","ABAL",2003
"Zofin","ABAL",2004
"Zofin","ABAL",2005
"Zofin","ABAL",2006
"Zofin","ABAL",2007
"Zofin","ABAL",2008
"Zofin","ABAL",2009
"Zofin","FASY",1903
"Zofin","FASY",1904
"Zofin","FASY",1905
"Zofin","FASY",1906
"Zofin","FASY",1907
"Zofin","FASY",1908
"Zofin","FASY",1909
"Zofin","FASY",1910
"Zofin","FASY",1911
"Zofin","FASY",1912
"Zofin","FASY",1913
"Zofin","FASY",1914
"Zofin","FASY",1915
"Zofin","FASY",1916
"Zofin","FASY",1917
"Zofin","FASY",1918
"Zofin","FASY",1919
"Zofin","FASY",1920
"Zofin","FASY",1921
"Zofin","FASY",1922
"Zofin","FASY",1923
"Zofin","FASY",1924
"Zofin","FASY",1925
"Zofin","FASY",1926
"Zofin","FASY",1927
"Zofin","FASY",1928
"Zofin","FASY",1929
"Zofin","FASY",1930
"Zofin","FASY",1931
"Zofin","FASY",1932
"Zofin","FASY",1933
"Zofin","FASY",1934
"Zofin","FASY",1935
"Zofin","FASY",1936
"Zofin","FASY",1937
"Zofin","FASY",1938
"Zofin","FASY",1939
"Zofin","FASY",1940
"Zofin","FASY",1941
"Zofin","FASY",1942
"Zofin","FASY",1943
"Zofin","FASY",1944
"Zofin","FASY",1945
"Zofin","FASY",1946
"Zofin","FASY",1947
"Zofin","FASY",1948
"Zofin","FASY",1949
"Zofin","FASY",1950
"Zofin","FASY",1951
"Zofin","FASY",1952
"Zofin","FASY",1953
"Zofin","FASY",1954
"Zofin","FASY",1955
"Zofin","FASY",1956
"Zofin","FASY",1957
"Zofin","FASY",1958
"Zofin","FASY",1959
"Zofin","FASY",1960
"Zofin","FASY",1961
"Zofin","FASY",1962
"Zofin","FASY",1963
"Zofin","FASY",1964
"Zofin","FASY",1965
"Zofin","FASY",1966
"Zofin","FASY",1967
"Zofin","FASY",1968
"Zofin","FASY",1969
"Zofin","FASY",1970
"Zofin","FASY",1971
"Zofin","FASY",1972
"Zofin","FASY",1973
"Zofin","FASY",1974
"Zofin","FASY",1975
"Zofin","FASY",1976
"Zofin","FASY",1977
"Zofin","FASY",1978
"Zofin","FASY",1979
"Zofin","FASY",1980
"Zofin","FASY",1981
"Zofin","FASY",1982
"Zofin","FASY",1983
"Zofin","FASY",1984
"Zofin","FASY",1985
"Zofin","FASY",1986
"Zofin","FASY",1987
"Zofin","FASY",1988
"Zofin","FASY",1989
"Zofin","FASY",1990
"Zofin","FASY",1991
"Zofin","FASY",1992
"Zofin","FASY",1993
"Zofin","FASY",1994
"Zofin","FASY",1995
"Zofin","FASY",1996
"Zofin","FASY",1997
"Zofin","FASY",1998
"Zofin","FASY",1999
"Zofin","FASY",2000
"Zofin","FASY",2001
"Zofin","FASY",2002
"Zofin","FASY",2003
"Zofin","FASY",2004
"Zofin","FASY",2005
"Zofin","FASY",2006
"Zofin","FASY",2007
"Zofin","FASY",2008
"Zofin","FASY",2009
"Zofin","FASY",2010
"Zofin","FASY",2011
"Zofin","FASY",2012
"Zofin","PIAB",1903
"Zofin","PIAB",1904
"Zofin","PIAB",1905
"Zofin","PIAB",1906
"Zofin","PIAB",1907
"Zofin","PIAB",1908
"Zofin","PIAB",1909
"Zofin","PIAB",1910
"Zofin","PIAB",1911
"Zofin","PIAB",1912
"Zofin","PIAB",1913
"Zofin","PIAB",1914
"Zofin","PIAB",1915
"Zofin","PIAB",1916
"Zofin","PIAB",1917
"Zofin","PIAB",1918
"Zofin","PIAB",1919
"Zofin","PIAB",1920
"Zofin","PIAB",1921
"Zofin","PIAB",1922
"Zofin","PIAB",1923
"Zofin","PIAB",1924
"Zofin","PIAB",1925
"Zofin","PIAB",1926
"Zofin","PIAB",1927
"Zofin","PIAB",1928
"Zofin","PIAB",1929
"Zofin","PIAB",1930
"Zofin","PIAB",1931
"Zofin","PIAB",1932
"Zofin","PIAB",1933
"Zofin","PIAB",1934
"Zofin","PIAB",1935
"Zofin","PIAB",1936
"Zofin","PIAB",1937
"Zofin","PIAB",1938
"Zofin","PIAB",1939
"Zofin","PIAB",1940
"Zofin","PIAB",1941
"Zofin","PIAB",1942
"Zofin","PIAB",1943
"Zofin","PIAB",1944
"Zofin","PIAB",1945
"Zofin","PIAB",1946
"Zofin","PIAB",1947
"Zofin","PIAB",1948
"Zofin","PIAB",1949
"Zofin","PIAB",1950
"Zofin","PIAB",1951
"Zofin","PIAB",1952
"Zofin","PIAB",1953
"Zofin","PIAB",1954
"Zofin","PIAB",1955
"Zofin","PIAB",1956
"Zofin","PIAB",1957
"Zofin","PIAB",1958
"Zofin","PIAB",1959
"Zofin","PIAB",1960
"Zofin","PIAB",1961
"Zofin","PIAB",1962
"Zofin","PIAB",1963
"Zofin","PIAB",1964
"Zofin","PIAB",1965
"Zofin","PIAB",1966
"Zofin","PIAB",1967
"Zofin","PIAB",1968
"Zofin","PIAB",1969
"Zofin","PIAB",1970
"Zofin","PIAB",1971
"Zofin","PIAB",1972
"Zofin","PIAB",1973
"Zofin","PIAB",1974
"Zofin","PIAB",1975
"Zofin","PIAB",1976
"Zofin","PIAB",1977
"Zofin","PIAB",1978
"Zofin","PIAB",1979
"Zofin","PIAB",1980
"Zofin","PIAB",1981
"Zofin","PIAB",1982
"Zofin","PIAB",1983
"Zofin","PIAB",1984
"Zofin","PIAB",1985
"Zofin","PIAB",1986
"Zofin","PIAB",1987
"Zofin","PIAB",1988
"Zofin","PIAB",1989
"Zofin","PIAB",1990
"Zofin","PIAB",1991
"Zofin","PIAB",1992
"Zofin","PIAB",1993
"Zofin","PIAB",1994
"Zofin","PIAB",1995
"Zofin","PIAB",1996
"Zofin","PIAB",1997
"Zofin","PIAB",1998
"Zofin","PIAB",1999
"Zofin","PIAB",2000
"Zofin","PIAB",2001
"Zofin","PIAB",2002
"Zofin","PIAB",2003
"Zofin","PIAB",2004
"Zofin","PIAB",2005
"Zofin","PIAB",2006
"Zofin","PIAB",2007
"Zofin","PIAB",2008
"Zofin","PIAB",2009
"Zofin","PIAB",2010
"Zofin","PIAB",2011
